"Id","Path","Slice Name","Alias(s)","Label","Min","Max","Must Support?","Is Modifier?","Is Summary?","Type(s)","Short","Definition","Comments","Requirements","Default Value","Meaning When Missing","Fixed Value","Pattern","Example","Minimum Value","Maximum Value","Maximum Length","Binding Strength","Binding Description","Binding Value Set","Code","Slicing Discriminator","Slicing Description","Slicing Ordered","Slicing Rules","Base Path","Base Min","Base Max","Condition(s)","Constraint(s)","Mapping: HL7 v2 Mapping","Mapping: RIM Mapping"
"SpecimenDefinition","SpecimenDefinition","","","",0,*,"","","","null {[]} {[]}
","Kind of specimen","A kind of specimen with associated set of requirements.","","","","","","","","","",,,,,"",,,,"SpecimenDefinition",0,*,"","dom-2:If the resource is contained in another resource, it SHALL NOT contain nested Resources {contained.contained.empty()}
dom-3:If the resource is contained in another resource, it SHALL be referred to from elsewhere in the resource or SHALL refer to the containing resource {contained.where((('#'+id in (%resource.descendants().reference | %resource.descendants().as(canonical) | %resource.descendants().as(uri) | %resource.descendants().as(url))) or descendants().where(reference = '#').exists() or descendants().where(as(canonical) = '#').exists() or descendants().where(as(canonical) = '#').exists()).not()).trace('unmatched', id).empty()}dom-4:If a resource is contained in another resource, it SHALL NOT have a meta.versionId or a meta.lastUpdated {contained.meta.versionId.empty() and contained.meta.lastUpdated.empty()}dom-5:If a resource is contained in another resource, it SHALL NOT have a security label {contained.meta.security.empty()}dom-6:A resource should have narrative for robust management {text.`div`.exists()}","OM4","Entity. Role, or Act","Role[classCode=SPEC]"
"SpecimenDefinition.id","SpecimenDefinition.id","","","",0,1,"","","Y","id {[]} {[]}
","Logical id of this artifact","The logical id of the resource, as used in the URL for the resource. Once assigned, this value never changes.","The only time that a resource does not have an id is when it is being submitted to the server using a create operation.","","","","","","","","",,,,,"",,,,"Resource.id",0,1,"",""
"SpecimenDefinition.meta","SpecimenDefinition.meta","","","",0,1,"","","Y","Meta {[]} {[]}
","Metadata about the resource","The metadata about the resource. This is content that is maintained by the infrastructure. Changes to the content might not always be associated with version changes to the resource.","","","","","","","","","",,,,,"",,,,"Resource.meta",0,1,"","ele-1:All FHIR elements must have a @value or children {hasValue() or (children().count() > id.count())}
"
"SpecimenDefinition.implicitRules","SpecimenDefinition.implicitRules","","","",0,1,"","Y","Y","uri {[]} {[]}
","A set of rules under which this content was created","A reference to a set of rules that were followed when the resource was constructed, and which must be understood when processing the content. Often, this is a reference to an implementation guide that defines the special rules along with other profiles etc.","Asserting this rule set restricts the content to be only understood by a limited set of trading partners. This inherently limits the usefulness of the data in the long term. However, the existing health eco-system is highly fractured, and not yet ready to define, collect, and exchange data in a generally computable sense. Wherever possible, implementers and/or specification writers should avoid using this element. Often, when used, the URL is a reference to an implementation guide that defines these special rules as part of it's narrative along with other profiles, value sets, etc.","","","","","","","","",,,,,"",,,,"Resource.implicitRules",0,1,"","ele-1:All FHIR elements must have a @value or children {hasValue() or (children().count() > id.count())}
"
"SpecimenDefinition.language","SpecimenDefinition.language","","","",0,1,"","","","code {[]} {[]}
","Language of the resource content","The base language in which the resource is written.","Language is provided to support indexing and accessibility (typically, services such as text to speech use the language tag). The html language tag in the narrative applies  to the narrative. The language tag on the resource may be used to specify the language of other presentations generated from the data in the resource. Not all the content has to be in the base language. The Resource.language should not be assumed to apply to the narrative automatically. If a language is specified, it should it also be specified on the div element in the html (see rules in HTML5 for information about the relationship between xml:lang and the html lang attribute).","","","","","","","","",,"preferred","A human language.","http://hl7.org/fhir/ValueSet/languages|4.0.1","",,,,"Resource.language",0,1,"","ele-1:All FHIR elements must have a @value or children {hasValue() or (children().count() > id.count())}
"
"SpecimenDefinition.text","SpecimenDefinition.text","","narrative
htmlxhtmldisplay","",0,1,"","","","Narrative {[]} {[]}
","Text summary of the resource, for human interpretation","A human-readable narrative that contains a summary of the resource and can be used to represent the content of the resource to a human. The narrative need not encode all the structured data, but is required to contain sufficient detail to make it ""clinically safe"" for a human to just read the narrative. Resource definitions may define what content should be represented in the narrative to ensure clinical safety.","Contained resources do not have narrative. Resources that are not contained SHOULD have a narrative. In some cases, a resource may only have text with little or no additional discrete data (as long as all minOccurs=1 elements are satisfied).  This may be necessary for data from legacy systems where information is captured as a ""text blob"" or where text is additionally entered raw or narrated and encoded information is added later.","","","","","","","","",,,,,"",,,,"DomainResource.text",0,1,"","ele-1:All FHIR elements must have a @value or children {hasValue() or (children().count() > id.count())}
","Act.text?"
"SpecimenDefinition.contained","SpecimenDefinition.contained","","inline resources
anonymous resourcescontained resources","",0,*,"","","","Resource {[]} {[]}
","Contained, inline Resources","These resources do not have an independent existence apart from the resource that contains them - they cannot be identified independently, and nor can they have their own independent transaction scope.","This should never be done when the content can be identified properly, as once identification is lost, it is extremely difficult (and context dependent) to restore it again. Contained resources may have profiles and tags In their meta elements, but SHALL NOT have security labels.","","","","","","","","",,,,,"",,,,"DomainResource.contained",0,*,"","","N/A"
"SpecimenDefinition.extension","SpecimenDefinition.extension","","","",0,*,"","","","Extension {[]} {[]}
","Extension","An Extension","","","","","","","","","",,,,,"","value:url}
","",,"open","DomainResource.extension",0,*,"","ele-1:All FHIR elements must have a @value or children {hasValue() or (children().count() > id.count())}
ext-1:Must have either extensions or value[x], not both {extension.exists() != value.exists()}"
"SpecimenDefinition.extension:url","SpecimenDefinition.extension","url","","",0,1,"","","","Extension {[CanonicalType[http://hl7.org/fhir/5.0/StructureDefinition/extension-SpecimenDefinition.url|0.1.0]]} {[]}
","R5: Logical canonical URL to reference this SpecimenDefinition (globally unique) (new)","R5: `SpecimenDefinition.url` (new:uri)","Element `SpecimenDefinition.url` has a context of SpecimenDefinition based on following the parent source element upwards and mapping to `SpecimenDefinition`.
Element `SpecimenDefinition.url` has no mapping targets in FHIR R4. Typically, this is because the element has been added (is a new element).
Can be a urn:uuid: or a urn:oid:, but real http: addresses are preferred. This is the URI that will be used when making canonical references to this resource.","","","","","","","","",,,,,"",,,,"DomainResource.extension",0,*,"ele-1
","ele-1:All FHIR elements must have a @value or children {hasValue() or (children().count() > id.count())}
ext-1:Must have either extensions or value[x], not both {extension.exists() != value.exists()}"
"SpecimenDefinition.extension:version","SpecimenDefinition.extension","version","","",0,1,"","","","Extension {[CanonicalType[http://hl7.org/fhir/5.0/StructureDefinition/extension-SpecimenDefinition.version|0.1.0]]} {[]}
","R5: Business version of the SpecimenDefinition (new)","R5: `SpecimenDefinition.version` (new:string)","Element `SpecimenDefinition.version` has a context of SpecimenDefinition based on following the parent source element upwards and mapping to `SpecimenDefinition`.
Element `SpecimenDefinition.version` has no mapping targets in FHIR R4. Typically, this is because the element has been added (is a new element).
There may be multiple different instances of a SpecimenDefinition that have the same identifier but different versions.","","","","","","","","",,,,,"",,,,"DomainResource.extension",0,*,"ele-1
","ele-1:All FHIR elements must have a @value or children {hasValue() or (children().count() > id.count())}
ext-1:Must have either extensions or value[x], not both {extension.exists() != value.exists()}"
"SpecimenDefinition.extension:versionAlgorithm","SpecimenDefinition.extension","versionAlgorithm","","",0,1,"","","","Extension {[CanonicalType[http://hl7.org/fhir/5.0/StructureDefinition/extension-SpecimenDefinition.versionAlgorithm|0.1.0]]} {[]}
","R5: How to compare versions (new)","R5: `SpecimenDefinition.versionAlgorithm[x]` (new:Coding, string)","Element `SpecimenDefinition.versionAlgorithm[x]` has a context of SpecimenDefinition based on following the parent source element upwards and mapping to `SpecimenDefinition`.
Element `SpecimenDefinition.versionAlgorithm[x]` has no mapping targets in FHIR R4. Typically, this is because the element has been added (is a new element).
If set as a string, this is a FHIRPath expression that has two additional context variables passed in - %version1 and %version2 and will return a negative number if version1 is newer, a positive number if version2 and a 0 if the version ordering can't be successfully be determined.","","","","","","","","",,,,,"",,,,"DomainResource.extension",0,*,"ele-1
","ele-1:All FHIR elements must have a @value or children {hasValue() or (children().count() > id.count())}
ext-1:Must have either extensions or value[x], not both {extension.exists() != value.exists()}"
"SpecimenDefinition.extension:name","SpecimenDefinition.extension","name","","",0,1,"","","","Extension {[CanonicalType[http://hl7.org/fhir/5.0/StructureDefinition/extension-SpecimenDefinition.name|0.1.0]]} {[]}
","R5: Name for this {{title}} (computer friendly) (new)","R5: `SpecimenDefinition.name` (new:string)","Element `SpecimenDefinition.name` has a context of SpecimenDefinition based on following the parent source element upwards and mapping to `SpecimenDefinition`.
Element `SpecimenDefinition.name` has no mapping targets in FHIR R4. Typically, this is because the element has been added (is a new element).
The name is not expected to be globally unique. The name should be a simple alphanumeric type name to ensure that it is machine-processing friendly.","","","","","","","","",,,,,"",,,,"DomainResource.extension",0,*,"ele-1
","ele-1:All FHIR elements must have a @value or children {hasValue() or (children().count() > id.count())}
ext-1:Must have either extensions or value[x], not both {extension.exists() != value.exists()}"
"SpecimenDefinition.extension:title","SpecimenDefinition.extension","title","","",0,1,"","","","Extension {[CanonicalType[http://hl7.org/fhir/5.0/StructureDefinition/extension-SpecimenDefinition.title|0.1.0]]} {[]}
","R5: Name for this SpecimenDefinition (Human friendly) (new)","R5: `SpecimenDefinition.title` (new:string)","Element `SpecimenDefinition.title` has a context of SpecimenDefinition based on following the parent source element upwards and mapping to `SpecimenDefinition`.
Element `SpecimenDefinition.title` has no mapping targets in FHIR R4. Typically, this is because the element has been added (is a new element).","","","","","","","","",,,,,"",,,,"DomainResource.extension",0,*,"ele-1
","ele-1:All FHIR elements must have a @value or children {hasValue() or (children().count() > id.count())}
ext-1:Must have either extensions or value[x], not both {extension.exists() != value.exists()}"
"SpecimenDefinition.extension:derivedFromCanonical","SpecimenDefinition.extension","derivedFromCanonical","","",0,*,"","","","Extension {[CanonicalType[http://hl7.org/fhir/5.0/StructureDefinition/extension-SpecimenDefinition.derivedFromCanonical|0.1.0]]} {[]}
","R5: Based on FHIR definition of another SpecimenDefinition (new)","R5: `SpecimenDefinition.derivedFromCanonical` (new:canonical(SpecimenDefinition))","Element `SpecimenDefinition.derivedFromCanonical` has a context of SpecimenDefinition based on following the parent source element upwards and mapping to `SpecimenDefinition`.
Element `SpecimenDefinition.derivedFromCanonical` has no mapping targets in FHIR R4. Typically, this is because the element has been added (is a new element).","","","","","","","","",,,,,"",,,,"DomainResource.extension",0,*,"ele-1
","ele-1:All FHIR elements must have a @value or children {hasValue() or (children().count() > id.count())}
ext-1:Must have either extensions or value[x], not both {extension.exists() != value.exists()}"
"SpecimenDefinition.extension:derivedFromUri","SpecimenDefinition.extension","derivedFromUri","","",0,*,"","","","Extension {[CanonicalType[http://hl7.org/fhir/5.0/StructureDefinition/extension-SpecimenDefinition.derivedFromUri|0.1.0]]} {[]}
","R5: Based on external definition (new)","R5: `SpecimenDefinition.derivedFromUri` (new:uri)","Element `SpecimenDefinition.derivedFromUri` has a context of SpecimenDefinition based on following the parent source element upwards and mapping to `SpecimenDefinition`.
Element `SpecimenDefinition.derivedFromUri` has no mapping targets in FHIR R4. Typically, this is because the element has been added (is a new element).","","","","","","","","",,,,,"",,,,"DomainResource.extension",0,*,"ele-1
","ele-1:All FHIR elements must have a @value or children {hasValue() or (children().count() > id.count())}
ext-1:Must have either extensions or value[x], not both {extension.exists() != value.exists()}"
"SpecimenDefinition.extension:experimental","SpecimenDefinition.extension","experimental","","",0,1,"","","","Extension {[CanonicalType[http://hl7.org/fhir/5.0/StructureDefinition/extension-SpecimenDefinition.experimental|0.1.0]]} {[]}
","R5: If this SpecimenDefinition is not for real usage (new)","R5: `SpecimenDefinition.experimental` (new:boolean)","Element `SpecimenDefinition.experimental` has a context of SpecimenDefinition based on following the parent source element upwards and mapping to `SpecimenDefinition`.
Element `SpecimenDefinition.experimental` has no mapping targets in FHIR R4. Typically, this is because the element has been added (is a new element).
Allows filtering of SpecimenDefinition that are appropriate for use vs. not.","","","","","","","","",,,,,"",,,,"DomainResource.extension",0,*,"ele-1
","ele-1:All FHIR elements must have a @value or children {hasValue() or (children().count() > id.count())}
ext-1:Must have either extensions or value[x], not both {extension.exists() != value.exists()}"
"SpecimenDefinition.extension:subject","SpecimenDefinition.extension","subject","","",0,1,"","","","Extension {[CanonicalType[http://hl7.org/fhir/5.0/StructureDefinition/extension-SpecimenDefinition.subject|0.1.0]]} {[]}
","R5: Type of subject for specimen collection (new)","R5: `SpecimenDefinition.subject[x]` (new:CodeableConcept, Reference(Group))","Element `SpecimenDefinition.subject[x]` has a context of SpecimenDefinition based on following the parent source element upwards and mapping to `SpecimenDefinition`.
Element `SpecimenDefinition.subject[x]` has no mapping targets in FHIR R4. Typically, this is because the element has been added (is a new element).
Examples: person, animal, device, water ….","","","","","","","","",,,,,"",,,,"DomainResource.extension",0,*,"ele-1
","ele-1:All FHIR elements must have a @value or children {hasValue() or (children().count() > id.count())}
ext-1:Must have either extensions or value[x], not both {extension.exists() != value.exists()}"
"SpecimenDefinition.extension:date","SpecimenDefinition.extension","date","","",0,1,"","","","Extension {[CanonicalType[http://hl7.org/fhir/5.0/StructureDefinition/extension-SpecimenDefinition.date|0.1.0]]} {[]}
","R5: Date status first applied (new)","R5: `SpecimenDefinition.date` (new:dateTime)","Element `SpecimenDefinition.date` has a context of SpecimenDefinition based on following the parent source element upwards and mapping to `SpecimenDefinition`.
Element `SpecimenDefinition.date` has no mapping targets in FHIR R4. Typically, this is because the element has been added (is a new element).
See guidance around (not) making local changes to elements [here](https://hl7.org/fhir/canonicalreso.html#localization).","","","","","","","","",,,,,"",,,,"DomainResource.extension",0,*,"ele-1
","ele-1:All FHIR elements must have a @value or children {hasValue() or (children().count() > id.count())}
ext-1:Must have either extensions or value[x], not both {extension.exists() != value.exists()}"
"SpecimenDefinition.extension:publisher","SpecimenDefinition.extension","publisher","","",0,1,"","","","Extension {[CanonicalType[http://hl7.org/fhir/5.0/StructureDefinition/extension-SpecimenDefinition.publisher|0.1.0]]} {[]}
","R5: The name of the individual or organization that published the SpecimenDefinition (new)","R5: `SpecimenDefinition.publisher` (new:string)","Element `SpecimenDefinition.publisher` has a context of SpecimenDefinition based on following the parent source element upwards and mapping to `SpecimenDefinition`.
Element `SpecimenDefinition.publisher` has no mapping targets in FHIR R4. Typically, this is because the element has been added (is a new element).","","","","","","","","",,,,,"",,,,"DomainResource.extension",0,*,"ele-1
","ele-1:All FHIR elements must have a @value or children {hasValue() or (children().count() > id.count())}
ext-1:Must have either extensions or value[x], not both {extension.exists() != value.exists()}"
"SpecimenDefinition.extension:contact","SpecimenDefinition.extension","contact","","",0,*,"","","","Extension {[CanonicalType[http://hl7.org/fhir/5.0/StructureDefinition/extension-SpecimenDefinition.contact|0.1.0]]} {[]}
","R5: Contact details for the publisher (new)","R5: `SpecimenDefinition.contact` (new:ContactDetail)","Element `SpecimenDefinition.contact` has a context of SpecimenDefinition based on following the parent source element upwards and mapping to `SpecimenDefinition`.
Element `SpecimenDefinition.contact` has no mapping targets in FHIR R4. Typically, this is because the element has been added (is a new element).
May be a web site, an email address, a telephone number, etc.

See guidance around (not) making local changes to elements [here](https://hl7.org/fhir/canonicalreso.html#localization).","","","","","","","","",,,,,"",,,,"DomainResource.extension",0,*,"ele-1
","ele-1:All FHIR elements must have a @value or children {hasValue() or (children().count() > id.count())}
ext-1:Must have either extensions or value[x], not both {extension.exists() != value.exists()}"
"SpecimenDefinition.extension:description","SpecimenDefinition.extension","description","","",0,1,"","","","Extension {[CanonicalType[http://hl7.org/fhir/5.0/StructureDefinition/extension-SpecimenDefinition.description|0.1.0]]} {[]}
","R5: Natural language description of the SpecimenDefinition (new)","R5: `SpecimenDefinition.description` (new:markdown)","Element `SpecimenDefinition.description` has a context of SpecimenDefinition based on following the parent source element upwards and mapping to `SpecimenDefinition`.
Element `SpecimenDefinition.description` has no mapping targets in FHIR R4. Typically, this is because the element has been added (is a new element).
This description can be used to capture details such as comments about misuse, instructions for clinical use and interpretation, literature references, examples from the paper world, etc. It is not a rendering of the module as conveyed in the text field of the resource itself. This item SHOULD be populated unless the information is available from context.","","","","","","","","",,,,,"",,,,"DomainResource.extension",0,*,"ele-1
","ele-1:All FHIR elements must have a @value or children {hasValue() or (children().count() > id.count())}
ext-1:Must have either extensions or value[x], not both {extension.exists() != value.exists()}"
"SpecimenDefinition.extension:useContext","SpecimenDefinition.extension","useContext","","",0,*,"","","","Extension {[CanonicalType[http://hl7.org/fhir/5.0/StructureDefinition/extension-SpecimenDefinition.useContext|0.1.0]]} {[]}
","R5: Content intends to support these contexts (new)","R5: `SpecimenDefinition.useContext` (new:UsageContext)","Element `SpecimenDefinition.useContext` has a context of SpecimenDefinition based on following the parent source element upwards and mapping to `SpecimenDefinition`.
Element `SpecimenDefinition.useContext` has no mapping targets in FHIR R4. Typically, this is because the element has been added (is a new element).
When multiple usageContexts are specified, there is no expectation for whether all or any of the contexts apply.","","","","","","","","",,,,,"",,,,"DomainResource.extension",0,*,"ele-1
","ele-1:All FHIR elements must have a @value or children {hasValue() or (children().count() > id.count())}
ext-1:Must have either extensions or value[x], not both {extension.exists() != value.exists()}"
"SpecimenDefinition.extension:jurisdiction","SpecimenDefinition.extension","jurisdiction","","",0,*,"","","","Extension {[CanonicalType[http://hl7.org/fhir/5.0/StructureDefinition/extension-SpecimenDefinition.jurisdiction|0.1.0]]} {[]}
","R5: Intended jurisdiction for this SpecimenDefinition (if applicable) (new)","R5: `SpecimenDefinition.jurisdiction` (new:CodeableConcept)","Element `SpecimenDefinition.jurisdiction` has a context of SpecimenDefinition based on following the parent source element upwards and mapping to `SpecimenDefinition`.
Element `SpecimenDefinition.jurisdiction` has no mapping targets in FHIR R4. Typically, this is because the element has been added (is a new element).
Element `SpecimenDefinition.jurisdiction` has been flagged as deprecated.
DEPRECATION NOTE: For consistency, implementations are encouraged to migrate to using the new 'jurisdiction' code in the useContext element.  (I.e. useContext.code indicating http://terminology.hl7.org/CodeSystem/usage-context-type#jurisdiction and useContext.valueCodeableConcept indicating the jurisdiction.)","","","","","","","","",,,,,"",,,,"DomainResource.extension",0,*,"ele-1
","ele-1:All FHIR elements must have a @value or children {hasValue() or (children().count() > id.count())}
ext-1:Must have either extensions or value[x], not both {extension.exists() != value.exists()}"
"SpecimenDefinition.extension:purpose","SpecimenDefinition.extension","purpose","","",0,1,"","","","Extension {[CanonicalType[http://hl7.org/fhir/5.0/StructureDefinition/extension-SpecimenDefinition.purpose|0.1.0]]} {[]}
","R5: Why this SpecimenDefinition is defined (new)","R5: `SpecimenDefinition.purpose` (new:markdown)","Element `SpecimenDefinition.purpose` has a context of SpecimenDefinition based on following the parent source element upwards and mapping to `SpecimenDefinition`.
Element `SpecimenDefinition.purpose` has no mapping targets in FHIR R4. Typically, this is because the element has been added (is a new element).
This element does not describe the usage of the SpecimenDefinition. Rather it is for traceability of ''why'' the resource is either needed or ''why'' it is defined as it is. This may be used to point to source materials or specifications that drove the structure of this SpecimenDefinition.","","","","","","","","",,,,,"",,,,"DomainResource.extension",0,*,"ele-1
","ele-1:All FHIR elements must have a @value or children {hasValue() or (children().count() > id.count())}
ext-1:Must have either extensions or value[x], not both {extension.exists() != value.exists()}"
"SpecimenDefinition.extension:copyright","SpecimenDefinition.extension","copyright","","",0,1,"","","","Extension {[CanonicalType[http://hl7.org/fhir/5.0/StructureDefinition/extension-SpecimenDefinition.copyright|0.1.0]]} {[]}
","R5: Use and/or publishing restrictions (new)","R5: `SpecimenDefinition.copyright` (new:markdown)","Element `SpecimenDefinition.copyright` has a context of SpecimenDefinition based on following the parent source element upwards and mapping to `SpecimenDefinition`.
Element `SpecimenDefinition.copyright` has no mapping targets in FHIR R4. Typically, this is because the element has been added (is a new element).","","","","","","","","",,,,,"",,,,"DomainResource.extension",0,*,"ele-1
","ele-1:All FHIR elements must have a @value or children {hasValue() or (children().count() > id.count())}
ext-1:Must have either extensions or value[x], not both {extension.exists() != value.exists()}"
"SpecimenDefinition.extension:copyrightLabel","SpecimenDefinition.extension","copyrightLabel","","",0,1,"","","","Extension {[CanonicalType[http://hl7.org/fhir/5.0/StructureDefinition/extension-SpecimenDefinition.copyrightLabel|0.1.0]]} {[]}
","R5: Copyright holder and year(s) (new)","R5: `SpecimenDefinition.copyrightLabel` (new:string)","Element `SpecimenDefinition.copyrightLabel` has a context of SpecimenDefinition based on following the parent source element upwards and mapping to `SpecimenDefinition`.
Element `SpecimenDefinition.copyrightLabel` has no mapping targets in FHIR R4. Typically, this is because the element has been added (is a new element).
The (c) symbol should NOT be included in this string. It will be added by software when rendering the notation. Full details about licensing, restrictions, warrantees, etc. goes in the more general 'copyright' element.","","","","","","","","",,,,,"",,,,"DomainResource.extension",0,*,"ele-1
","ele-1:All FHIR elements must have a @value or children {hasValue() or (children().count() > id.count())}
ext-1:Must have either extensions or value[x], not both {extension.exists() != value.exists()}"
"SpecimenDefinition.extension:approvalDate","SpecimenDefinition.extension","approvalDate","","",0,1,"","","","Extension {[CanonicalType[http://hl7.org/fhir/5.0/StructureDefinition/extension-SpecimenDefinition.approvalDate|0.1.0]]} {[]}
","R5: When SpecimenDefinition was approved by publisher (new)","R5: `SpecimenDefinition.approvalDate` (new:date)","Element `SpecimenDefinition.approvalDate` has a context of SpecimenDefinition based on following the parent source element upwards and mapping to `SpecimenDefinition`.
Element `SpecimenDefinition.approvalDate` has no mapping targets in FHIR R4. Typically, this is because the element has been added (is a new element).
The date may be more recent than the approval date because of minor changes / editorial corrections.

See guidance around (not) making local changes to elements [here](https://hl7.org/fhir/canonicalreso.html#localization).","","","","","","","","",,,,,"",,,,"DomainResource.extension",0,*,"ele-1
","ele-1:All FHIR elements must have a @value or children {hasValue() or (children().count() > id.count())}
ext-1:Must have either extensions or value[x], not both {extension.exists() != value.exists()}"
"SpecimenDefinition.extension:lastReviewDate","SpecimenDefinition.extension","lastReviewDate","","",0,1,"","","","Extension {[CanonicalType[http://hl7.org/fhir/5.0/StructureDefinition/extension-SpecimenDefinition.lastReviewDate|0.1.0]]} {[]}
","R5: The date on which the asset content was last reviewed by the publisher (new)","R5: `SpecimenDefinition.lastReviewDate` (new:date)","Element `SpecimenDefinition.lastReviewDate` has a context of SpecimenDefinition based on following the parent source element upwards and mapping to `SpecimenDefinition`.
Element `SpecimenDefinition.lastReviewDate` has no mapping targets in FHIR R4. Typically, this is because the element has been added (is a new element).
If specified, this is usually after the approval date.

See guidance around (not) making local changes to elements [here](https://hl7.org/fhir/canonicalreso.html#localization).","","","","","","","","",,,,,"",,,,"DomainResource.extension",0,*,"ele-1
","ele-1:All FHIR elements must have a @value or children {hasValue() or (children().count() > id.count())}
ext-1:Must have either extensions or value[x], not both {extension.exists() != value.exists()}"
"SpecimenDefinition.extension:effectivePeriod","SpecimenDefinition.extension","effectivePeriod","","",0,1,"","","","Extension {[CanonicalType[http://hl7.org/fhir/5.0/StructureDefinition/extension-SpecimenDefinition.effectivePeriod|0.1.0]]} {[]}
","R5: The effective date range for the SpecimenDefinition (new)","R5: `SpecimenDefinition.effectivePeriod` (new:Period)","Element `SpecimenDefinition.effectivePeriod` has a context of SpecimenDefinition based on following the parent source element upwards and mapping to `SpecimenDefinition`.
Element `SpecimenDefinition.effectivePeriod` has no mapping targets in FHIR R4. Typically, this is because the element has been added (is a new element).
The effective period for a SpecimenDefinition determines when the content is applicable for usage and is independent of publication and review dates.

See guidance around (not) making local changes to elements [here](https://hl7.org/fhir/canonicalreso.html#localization).","","","","","","","","",,,,,"",,,,"DomainResource.extension",0,*,"ele-1
","ele-1:All FHIR elements must have a @value or children {hasValue() or (children().count() > id.count())}
ext-1:Must have either extensions or value[x], not both {extension.exists() != value.exists()}"
"SpecimenDefinition.modifierExtension","SpecimenDefinition.modifierExtension","","","",0,*,"","Y","","Extension {[]} {[]}
","Extension","An Extension","","","","","","","","","",,,,,"","value:url}
","",,"open","DomainResource.modifierExtension",0,*,"","ele-1:All FHIR elements must have a @value or children {hasValue() or (children().count() > id.count())}
ext-1:Must have either extensions or value[x], not both {extension.exists() != value.exists()}"
"SpecimenDefinition.modifierExtension:status","SpecimenDefinition.modifierExtension","status","","",1,1,"","Y","","Extension {[CanonicalType[http://hl7.org/fhir/5.0/StructureDefinition/extension-SpecimenDefinition.status|0.1.0]]} {[]}
","R5: draft | active | retired | unknown (new)","R5: `SpecimenDefinition.status` (new:code)","Element `SpecimenDefinition.status` has a context of SpecimenDefinition based on following the parent source element upwards and mapping to `SpecimenDefinition`.
Element `SpecimenDefinition.status` has no mapping targets in FHIR R4. Typically, this is because the element has been added (is a new element).
A nominal state-transition diagram can be found in the [Definition pattern](https://hl7.org/fhir/definition.ht.html#statemachine) documentation
Unknown does not represent ""other"" - one of the defined statuses must apply. Unknown is used when the authoring system is not sure what the current status is.

See guidance around (not) making local changes to elements [here](https://hl7.org/fhir/canonicalreso.html#localization).","","","","","","","","",,,,,"",,,,"DomainResource.modifierExtension",0,*,"ele-1
","ele-1:All FHIR elements must have a @value or children {hasValue() or (children().count() > id.count())}
ext-1:Must have either extensions or value[x], not both {extension.exists() != value.exists()}"
"SpecimenDefinition.identifier","SpecimenDefinition.identifier","","","",0,1,"","","Y","Identifier {[]} {[]}
","Business identifier of a kind of specimen","A business identifier associated with the kind of specimen.","","","","","","","","","",,,,,"",,,,"SpecimenDefinition.identifier",0,1,"","ele-1:All FHIR elements must have a @value or children {hasValue() or (children().count() > id.count())}
"
"SpecimenDefinition.typeCollected","SpecimenDefinition.typeCollected","","","",0,1,"","","Y","CodeableConcept {[]} {[]}
","Kind of material to collect","The kind of material to be collected.","","","","","","","","","",,"example","The type of the specimen to be collected.","http://terminology.hl7.org/ValueSet/v2-0487|2.0.0","",,,,"SpecimenDefinition.typeCollected",0,1,"","ele-1:All FHIR elements must have a @value or children {hasValue() or (children().count() > id.count())}
","OM4-6"
"SpecimenDefinition.patientPreparation","SpecimenDefinition.patientPreparation","","","",0,*,"","","Y","CodeableConcept {[]} {[]}
","Patient preparation for collection","Preparation of the patient for specimen collection.","","","","","","","","","",,"example","Checks on the patient prior specimen collection.","http://hl7.org/fhir/ValueSet/prepare-patient-prior-specimen-collection|4.0.1","",,,,"SpecimenDefinition.patientPreparation",0,*,"","ele-1:All FHIR elements must have a @value or children {hasValue() or (children().count() > id.count())}
","OM1-37"
"SpecimenDefinition.timeAspect","SpecimenDefinition.timeAspect","","","",0,1,"","","Y","string {[]} {[]}
","Time aspect for collection","Time aspect of specimen collection (duration or offset).","","","","","","","<valueString xmlns=""http://hl7.org/fhir"" value=""24 hour, 20' post charge""/>","","",,,,,"",,,,"SpecimenDefinition.timeAspect",0,1,"","ele-1:All FHIR elements must have a @value or children {hasValue() or (children().count() > id.count())}
","OM1-43, OM1-44"
"SpecimenDefinition.collection","SpecimenDefinition.collection","","","",0,*,"","","Y","CodeableConcept {[]} {[]}
","Specimen collection procedure","The action to be performed for collecting the specimen.","","","","","","","","","",,"example","The action to collect a type of specimen.","http://hl7.org/fhir/ValueSet/specimen-collection|4.0.1","",,,,"SpecimenDefinition.collection",0,*,"","ele-1:All FHIR elements must have a @value or children {hasValue() or (children().count() > id.count())}
"
"SpecimenDefinition.typeTested","SpecimenDefinition.typeTested","","","",0,*,"","","","BackboneElement {[]} {[]}
","Specimen in container intended for testing by lab","Specimen conditioned in a container as expected by the testing laboratory.","","","","","","","","","",,,,,"",,,,"SpecimenDefinition.typeTested",0,*,"","ele-1:All FHIR elements must have a @value or children {hasValue() or (children().count() > id.count())}
"
"SpecimenDefinition.typeTested.id","SpecimenDefinition.typeTested.id","","","",0,1,"","","","string {[]} {[]}
","Unique id for inter-element referencing","Unique id for the element within a resource (for internal references). This may be any string value that does not contain spaces.","","","","","","","","","",,,,,"",,,,"Element.id",0,1,"","","n/a"
"SpecimenDefinition.typeTested.extension","SpecimenDefinition.typeTested.extension","","","",0,*,"","","","Extension {[]} {[]}
","Extension","An Extension","","","","","","","","","",,,,,"","value:url}
","",,"open","Element.extension",0,*,"","ele-1:All FHIR elements must have a @value or children {hasValue() or (children().count() > id.count())}
ext-1:Must have either extensions or value[x], not both {extension.exists() != value.exists()}"
"SpecimenDefinition.typeTested.extension:singleUse","SpecimenDefinition.typeTested.extension","singleUse","","",0,1,"","","","Extension {[CanonicalType[http://hl7.org/fhir/5.0/StructureDefinition/extension-SpecimenDefinition.typeTested.singleUse|0.1.0]]} {[]}
","R5: Specimen for single use only (new)","R5: `SpecimenDefinition.typeTested.singleUse` (new:boolean)","Element `SpecimenDefinition.typeTested.singleUse` has a context of SpecimenDefinition.typeTested based on following the parent source element upwards and mapping to `SpecimenDefinition`.
Element `SpecimenDefinition.typeTested.singleUse` has no mapping targets in FHIR R4. Typically, this is because the element has been added (is a new element).","","","","","","","","",,,,,"",,,,"Element.extension",0,*,"ele-1
","ele-1:All FHIR elements must have a @value or children {hasValue() or (children().count() > id.count())}
ext-1:Must have either extensions or value[x], not both {extension.exists() != value.exists()}"
"SpecimenDefinition.typeTested.extension:testingDestination","SpecimenDefinition.typeTested.extension","testingDestination","","",0,*,"","","","Extension {[CanonicalType[http://hl7.org/fhir/5.0/StructureDefinition/extension-SpecimenDefinition.typeTested.testingDestination|0.1.0]]} {[]}
","R5: Where the specimen will be tested (new)","R5: `SpecimenDefinition.typeTested.testingDestination` (new:CodeableConcept)","Element `SpecimenDefinition.typeTested.testingDestination` has a context of SpecimenDefinition.typeTested based on following the parent source element upwards and mapping to `SpecimenDefinition`.
Element `SpecimenDefinition.typeTested.testingDestination` has no mapping targets in FHIR R4. Typically, this is because the element has been added (is a new element).","","","","","","","","",,,,,"",,,,"Element.extension",0,*,"ele-1
","ele-1:All FHIR elements must have a @value or children {hasValue() or (children().count() > id.count())}
ext-1:Must have either extensions or value[x], not both {extension.exists() != value.exists()}"
"SpecimenDefinition.typeTested.modifierExtension","SpecimenDefinition.typeTested.modifierExtension","","extensions
user contentmodifiers","",0,*,"","Y","Y","Extension {[]} {[]}
","Extensions that cannot be ignored even if unrecognized","May be used to represent additional information that is not part of the basic definition of the element and that modifies the understanding of the element in which it is contained and/or the understanding of the containing element's descendants. Usually modifier elements provide negation or qualification. To make the use of extensions safe and manageable, there is a strict set of governance applied to the definition and use of extensions. Though any implementer can define an extension, there is a set of requirements that SHALL be met as part of the definition of the extension. Applications processing a resource are required to check for modifier extensions.

Modifier extensions SHALL NOT change the meaning of any elements on Resource or DomainResource (including cannot change the meaning of modifierExtension itself).","There can be no stigma associated with the use of extensions by any application, project, or standard - regardless of the institution or jurisdiction that uses or defines the extensions.  The use of extensions is what allows the FHIR specification to retain a core level of simplicity for everyone.","Modifier extensions allow for extensions that *cannot* be safely ignored to be clearly distinguished from the vast majority of extensions which can be safely ignored.  This promotes interoperability by eliminating the need for implementers to prohibit the presence of extensions. For further information, see the [definition of modifier extensions](http://hl7.org/fhir/R4/extensibility.html#modifierExtension).","","","","","","","",,,,,"",,,,"BackboneElement.modifierExtension",0,*,"","ele-1:All FHIR elements must have a @value or children {hasValue() or (children().count() > id.count())}
ext-1:Must have either extensions or value[x], not both {extension.exists() != value.exists()}","N/A"
"SpecimenDefinition.typeTested.isDerived","SpecimenDefinition.typeTested.isDerived","","","",0,1,"","","","boolean {[]} {[]}
","Primary or secondary specimen","Primary of secondary specimen.","","","","","","","<valueBoolean xmlns=""http://hl7.org/fhir"" value=""false""/>","","",,,,,"",,,,"SpecimenDefinition.typeTested.isDerived",0,1,"","ele-1:All FHIR elements must have a @value or children {hasValue() or (children().count() > id.count())}
","OM4-2"
"SpecimenDefinition.typeTested.type","SpecimenDefinition.typeTested.type","","","",0,1,"","","","CodeableConcept {[]} {[]}
","Type of intended specimen","The kind of specimen conditioned for testing expected by lab.","","","","","","","","","",,"example","The type of specimen conditioned in a container for lab testing.","http://terminology.hl7.org/ValueSet/v2-0487|2.0.0","",,,,"SpecimenDefinition.typeTested.type",0,1,"","ele-1:All FHIR elements must have a @value or children {hasValue() or (children().count() > id.count())}
"
"SpecimenDefinition.typeTested.preference","SpecimenDefinition.typeTested.preference","","","",1,1,"","","","code {[]} {[]}
","preferred | alternate","The preference for this type of conditioned specimen.","","","","","","","<valueCode xmlns=""http://hl7.org/fhir"" value=""preferred, alternate""/>","","",,"required","Degree of preference of a type of conditioned specimen.","http://hl7.org/fhir/ValueSet/specimen-contained-preference|4.0.1","",,,,"SpecimenDefinition.typeTested.preference",1,1,"","ele-1:All FHIR elements must have a @value or children {hasValue() or (children().count() > id.count())}
","OM4-16"
"SpecimenDefinition.typeTested.container","SpecimenDefinition.typeTested.container","","","",0,1,"","","","BackboneElement {[]} {[]}
","The specimen's container","The specimen's container.","","","","","","","","","",,,,,"",,,,"SpecimenDefinition.typeTested.container",0,1,"","ele-1:All FHIR elements must have a @value or children {hasValue() or (children().count() > id.count())}
"
"SpecimenDefinition.typeTested.container.id","SpecimenDefinition.typeTested.container.id","","","",0,1,"","","","string {[]} {[]}
","Unique id for inter-element referencing","Unique id for the element within a resource (for internal references). This may be any string value that does not contain spaces.","","","","","","","","","",,,,,"",,,,"Element.id",0,1,"","","n/a"
"SpecimenDefinition.typeTested.container.extension","SpecimenDefinition.typeTested.container.extension","","extensions
user content","",0,*,"","","","Extension {[]} {[]}
","Additional content defined by implementations","May be used to represent additional information that is not part of the basic definition of the element. To make the use of extensions safe and manageable, there is a strict set of governance  applied to the definition and use of extensions. Though any implementer can define an extension, there is a set of requirements that SHALL be met as part of the definition of the extension.","There can be no stigma associated with the use of extensions by any application, project, or standard - regardless of the institution or jurisdiction that uses or defines the extensions.  The use of extensions is what allows the FHIR specification to retain a core level of simplicity for everyone.","","","","","","","","",,,,,"",,,,"Element.extension",0,*,"","ele-1:All FHIR elements must have a @value or children {hasValue() or (children().count() > id.count())}
ext-1:Must have either extensions or value[x], not both {extension.exists() != value.exists()}","n/a"
"SpecimenDefinition.typeTested.container.modifierExtension","SpecimenDefinition.typeTested.container.modifierExtension","","extensions
user contentmodifiers","",0,*,"","Y","Y","Extension {[]} {[]}
","Extensions that cannot be ignored even if unrecognized","May be used to represent additional information that is not part of the basic definition of the element and that modifies the understanding of the element in which it is contained and/or the understanding of the containing element's descendants. Usually modifier elements provide negation or qualification. To make the use of extensions safe and manageable, there is a strict set of governance applied to the definition and use of extensions. Though any implementer can define an extension, there is a set of requirements that SHALL be met as part of the definition of the extension. Applications processing a resource are required to check for modifier extensions.

Modifier extensions SHALL NOT change the meaning of any elements on Resource or DomainResource (including cannot change the meaning of modifierExtension itself).","There can be no stigma associated with the use of extensions by any application, project, or standard - regardless of the institution or jurisdiction that uses or defines the extensions.  The use of extensions is what allows the FHIR specification to retain a core level of simplicity for everyone.","Modifier extensions allow for extensions that *cannot* be safely ignored to be clearly distinguished from the vast majority of extensions which can be safely ignored.  This promotes interoperability by eliminating the need for implementers to prohibit the presence of extensions. For further information, see the [definition of modifier extensions](http://hl7.org/fhir/R4/extensibility.html#modifierExtension).","","","","","","","",,,,,"",,,,"BackboneElement.modifierExtension",0,*,"","ele-1:All FHIR elements must have a @value or children {hasValue() or (children().count() > id.count())}
ext-1:Must have either extensions or value[x], not both {extension.exists() != value.exists()}","N/A"
"SpecimenDefinition.typeTested.container.material","SpecimenDefinition.typeTested.container.material","","","",0,1,"","","","CodeableConcept {[]} {[]}
","Container material","The type of material of the container.","","","","","","","","","",,"example","Types of material for specimen containers.","http://hl7.org/fhir/ValueSet/container-material|4.0.1","",,,,"SpecimenDefinition.typeTested.container.material",0,1,"","ele-1:All FHIR elements must have a @value or children {hasValue() or (children().count() > id.count())}
"
"SpecimenDefinition.typeTested.container.type","SpecimenDefinition.typeTested.container.type","","","",0,1,"","","","CodeableConcept {[]} {[]}
","Kind of container associated with the kind of specimen","The type of container used to contain this kind of specimen.","","","","","","","","","",,"example","Type of specimen container.","http://hl7.org/fhir/ValueSet/specimen-container-type|4.0.1","",,,,"SpecimenDefinition.typeTested.container.type",0,1,"","ele-1:All FHIR elements must have a @value or children {hasValue() or (children().count() > id.count())}
"
"SpecimenDefinition.typeTested.container.cap","SpecimenDefinition.typeTested.container.cap","","","",0,1,"","","","CodeableConcept {[]} {[]}
","Color of container cap","Color of container cap.","","From ISO 6710-2017 Table F.1 Recommended colour codes.","","","","","","","",,"example","Color of the container cap.","http://hl7.org/fhir/ValueSet/container-cap|4.0.1","",,,,"SpecimenDefinition.typeTested.container.cap",0,1,"","ele-1:All FHIR elements must have a @value or children {hasValue() or (children().count() > id.count())}
"
"SpecimenDefinition.typeTested.container.description","SpecimenDefinition.typeTested.container.description","","","",0,1,"","","","string {[]} {[]}
","Container description","The textual description of the kind of container.","","","","","","","<valueString xmlns=""http://hl7.org/fhir"" value=""Blue top tube with citrate""/>","","",,,,,"",,,,"SpecimenDefinition.typeTested.container.description",0,1,"","ele-1:All FHIR elements must have a @value or children {hasValue() or (children().count() > id.count())}
","OM4-3"
"SpecimenDefinition.typeTested.container.capacity","SpecimenDefinition.typeTested.container.capacity","","","",0,1,"","","","Quantity {[CanonicalType[http://hl7.org/fhir/StructureDefinition/SimpleQuantity|4.0.1]]} {[]}
","Container capacity","The capacity (volume or other measure) of this kind of container.","","","","","","","","","",,,,,"",,,,"SpecimenDefinition.typeTested.container.capacity",0,1,"","ele-1:All FHIR elements must have a @value or children {hasValue() or (children().count() > id.count())}
","OM4-4, OM4-5"
"SpecimenDefinition.typeTested.container.minimumVolume[x]","SpecimenDefinition.typeTested.container.minimumVolume[x]","","","",0,1,"","","","Quantity {[CanonicalType[http://hl7.org/fhir/StructureDefinition/SimpleQuantity|4.0.1]]} {[]}
string {[]} {[]}","Minimum volume","The minimum volume to be conditioned in the container.","","","","","","","","","",,,,,"",,,,"SpecimenDefinition.typeTested.container.minimumVolume[x]",0,1,"","ele-1:All FHIR elements must have a @value or children {hasValue() or (children().count() > id.count())}
","OM4-11"
"SpecimenDefinition.typeTested.container.additive","SpecimenDefinition.typeTested.container.additive","","","",0,*,"","","","BackboneElement {[]} {[]}
","Additive associated with container","Substance introduced in the kind of container to preserve, maintain or enhance the specimen. Examples: Formalin, Citrate, EDTA.","","","","","","","","","",,,,,"",,,,"SpecimenDefinition.typeTested.container.additive",0,*,"","ele-1:All FHIR elements must have a @value or children {hasValue() or (children().count() > id.count())}
","OM4-7"
"SpecimenDefinition.typeTested.container.additive.id","SpecimenDefinition.typeTested.container.additive.id","","","",0,1,"","","","string {[]} {[]}
","Unique id for inter-element referencing","Unique id for the element within a resource (for internal references). This may be any string value that does not contain spaces.","","","","","","","","","",,,,,"",,,,"Element.id",0,1,"","","n/a"
"SpecimenDefinition.typeTested.container.additive.extension","SpecimenDefinition.typeTested.container.additive.extension","","extensions
user content","",0,*,"","","","Extension {[]} {[]}
","Additional content defined by implementations","May be used to represent additional information that is not part of the basic definition of the element. To make the use of extensions safe and manageable, there is a strict set of governance  applied to the definition and use of extensions. Though any implementer can define an extension, there is a set of requirements that SHALL be met as part of the definition of the extension.","There can be no stigma associated with the use of extensions by any application, project, or standard - regardless of the institution or jurisdiction that uses or defines the extensions.  The use of extensions is what allows the FHIR specification to retain a core level of simplicity for everyone.","","","","","","","","",,,,,"",,,,"Element.extension",0,*,"","ele-1:All FHIR elements must have a @value or children {hasValue() or (children().count() > id.count())}
ext-1:Must have either extensions or value[x], not both {extension.exists() != value.exists()}","n/a"
"SpecimenDefinition.typeTested.container.additive.modifierExtension","SpecimenDefinition.typeTested.container.additive.modifierExtension","","extensions
user contentmodifiers","",0,*,"","Y","Y","Extension {[]} {[]}
","Extensions that cannot be ignored even if unrecognized","May be used to represent additional information that is not part of the basic definition of the element and that modifies the understanding of the element in which it is contained and/or the understanding of the containing element's descendants. Usually modifier elements provide negation or qualification. To make the use of extensions safe and manageable, there is a strict set of governance applied to the definition and use of extensions. Though any implementer can define an extension, there is a set of requirements that SHALL be met as part of the definition of the extension. Applications processing a resource are required to check for modifier extensions.

Modifier extensions SHALL NOT change the meaning of any elements on Resource or DomainResource (including cannot change the meaning of modifierExtension itself).","There can be no stigma associated with the use of extensions by any application, project, or standard - regardless of the institution or jurisdiction that uses or defines the extensions.  The use of extensions is what allows the FHIR specification to retain a core level of simplicity for everyone.","Modifier extensions allow for extensions that *cannot* be safely ignored to be clearly distinguished from the vast majority of extensions which can be safely ignored.  This promotes interoperability by eliminating the need for implementers to prohibit the presence of extensions. For further information, see the [definition of modifier extensions](http://hl7.org/fhir/R4/extensibility.html#modifierExtension).","","","","","","","",,,,,"",,,,"BackboneElement.modifierExtension",0,*,"","ele-1:All FHIR elements must have a @value or children {hasValue() or (children().count() > id.count())}
ext-1:Must have either extensions or value[x], not both {extension.exists() != value.exists()}","N/A"
"SpecimenDefinition.typeTested.container.additive.additive[x]","SpecimenDefinition.typeTested.container.additive.additive[x]","","","",1,1,"","","","CodeableConcept {[]} {[]}
Reference {[]} {[CanonicalType[http://hl7.org/fhir/StructureDefinition/Substance|4.0.1]]}","Additive associated with container","Substance introduced in the kind of container to preserve, maintain or enhance the specimen. Examples: Formalin, Citrate, EDTA.","","","","","","","","","",,"example","Substance added to specimen container.","http://terminology.hl7.org/ValueSet/v2-0371|2.0.0","",,,,"SpecimenDefinition.typeTested.container.additive.additive[x]",1,1,"","ele-1:All FHIR elements must have a @value or children {hasValue() or (children().count() > id.count())}
","OM4-7"
"SpecimenDefinition.typeTested.container.additive.additive[x].id","SpecimenDefinition.typeTested.container.additive.additive[x].id","","","",0,1,"","","","string {[]} {[]}
","Unique id for inter-element referencing","Unique id for the element within a resource (for internal references). This may be any string value that does not contain spaces.","","","","","","","","","",,,,,"",,,,"Element.id",0,1,"","","n/a"
"SpecimenDefinition.typeTested.container.additive.additive[x].extension","SpecimenDefinition.typeTested.container.additive.additive[x].extension","","extensions
user content","",0,*,"","","","Extension {[]} {[]}
","Additional content defined by implementations","May be used to represent additional information that is not part of the basic definition of the element. To make the use of extensions safe and manageable, there is a strict set of governance  applied to the definition and use of extensions. Though any implementer can define an extension, there is a set of requirements that SHALL be met as part of the definition of the extension.","There can be no stigma associated with the use of extensions by any application, project, or standard - regardless of the institution or jurisdiction that uses or defines the extensions.  The use of extensions is what allows the FHIR specification to retain a core level of simplicity for everyone.","","","","","","","","",,,,,"","value:url}
","Extensions are always sliced by (at least) url",,"open","Element.extension",0,*,"","ele-1:All FHIR elements must have a @value or children {hasValue() or (children().count() > id.count())}
ext-1:Must have either extensions or value[x], not both {extension.exists() != value.exists()}","n/a"
"SpecimenDefinition.typeTested.container.additive.additive[x].extension:alternateReference","SpecimenDefinition.typeTested.container.additive.additive[x].extension","alternateReference","","",0,1,"","","","Extension {[CanonicalType[http://hl7.org/fhir/StructureDefinition/alternate-reference|5.2.0]]} {[]}
","R5: additive additional types","R5: `SpecimenDefinition.typeTested.container.additive.additive[x]` additional types from child elements (display, identifier, reference, type)","Element `SpecimenDefinition.typeTested.container.additive.additive[x]` is mapped to FHIR R4 element `SpecimenDefinition.typeTested.container.additive.additive[x]` as `SourceIsBroaderThanTarget`.
The mappings for `SpecimenDefinition.typeTested.container.additive.additive[x]` do not cover the following types based on type expansion: display, identifier, reference, type.
The standard extension `alternate-reference` has been mapped as the representation of FHIR R5 element `SpecimenDefinition.typeTested.container.additive.additive[x]` with unmapped reference targets: SubstanceDefinition.
Source element `SpecimenDefinition.typeTested.container.additive.additive[x]` has unmapped reference types. While the target element `SpecimenDefinition.typeTested.container.additive.additive[x]` is a choice type and does not allow extensions, the `alternate-reference` extension can be applied to Reference values within it.","","","","","","","","",,,,,"",,,,"Element.extension",0,*,"","ele-1:All FHIR elements must have a @value or children {hasValue() or (children().count() > id.count())}
ext-1:Must have either extensions or value[x], not both {extension.exists() != value.exists()}"
"SpecimenDefinition.typeTested.container.preparation","SpecimenDefinition.typeTested.container.preparation","","","",0,1,"","","","string {[]} {[]}
","Specimen container preparation","Special processing that should be applied to the container for this kind of specimen.","","","","","","","","","",,,,,"",,,,"SpecimenDefinition.typeTested.container.preparation",0,1,"","ele-1:All FHIR elements must have a @value or children {hasValue() or (children().count() > id.count())}
","OM4-8"
"SpecimenDefinition.typeTested.requirement","SpecimenDefinition.typeTested.requirement","","","",0,1,"","","","string {[]} {[]}
","Specimen requirements","Requirements for delivery and special handling of this kind of conditioned specimen.","","","","","","","","","",,,,,"",,,,"SpecimenDefinition.typeTested.requirement",0,1,"","ele-1:All FHIR elements must have a @value or children {hasValue() or (children().count() > id.count())}
","OM4-12"
"SpecimenDefinition.typeTested.retentionTime","SpecimenDefinition.typeTested.retentionTime","","","",0,1,"","","","Duration {[]} {[]}
","Specimen retention time","The usual time that a specimen of this kind is retained after the ordered tests are completed, for the purpose of additional testing.","","","","","","","","","",,,,,"",,,,"SpecimenDefinition.typeTested.retentionTime",0,1,"","ele-1:All FHIR elements must have a @value or children {hasValue() or (children().count() > id.count())}
","OM4-14"
"SpecimenDefinition.typeTested.rejectionCriterion","SpecimenDefinition.typeTested.rejectionCriterion","","","",0,*,"","","","CodeableConcept {[]} {[]}
","Rejection criterion","Criterion for rejection of the specimen in its container by the laboratory.","","","","","","","","","",,"example","Criterion for rejection of the specimen by laboratory.","http://hl7.org/fhir/ValueSet/rejection-criteria|4.0.1","",,,,"SpecimenDefinition.typeTested.rejectionCriterion",0,*,"","ele-1:All FHIR elements must have a @value or children {hasValue() or (children().count() > id.count())}
","OM1-39"
"SpecimenDefinition.typeTested.handling","SpecimenDefinition.typeTested.handling","","","",0,*,"","","","BackboneElement {[]} {[]}
","Specimen handling before testing","Set of instructions for preservation/transport of the specimen at a defined temperature interval, prior the testing process.","","","","","","","","","",,,,,"",,,,"SpecimenDefinition.typeTested.handling",0,*,"","ele-1:All FHIR elements must have a @value or children {hasValue() or (children().count() > id.count())}
"
"SpecimenDefinition.typeTested.handling.id","SpecimenDefinition.typeTested.handling.id","","","",0,1,"","","","string {[]} {[]}
","Unique id for inter-element referencing","Unique id for the element within a resource (for internal references). This may be any string value that does not contain spaces.","","","","","","","","","",,,,,"",,,,"Element.id",0,1,"","","n/a"
"SpecimenDefinition.typeTested.handling.extension","SpecimenDefinition.typeTested.handling.extension","","extensions
user content","",0,*,"","","","Extension {[]} {[]}
","Additional content defined by implementations","May be used to represent additional information that is not part of the basic definition of the element. To make the use of extensions safe and manageable, there is a strict set of governance  applied to the definition and use of extensions. Though any implementer can define an extension, there is a set of requirements that SHALL be met as part of the definition of the extension.","There can be no stigma associated with the use of extensions by any application, project, or standard - regardless of the institution or jurisdiction that uses or defines the extensions.  The use of extensions is what allows the FHIR specification to retain a core level of simplicity for everyone.","","","","","","","","",,,,,"",,,,"Element.extension",0,*,"","ele-1:All FHIR elements must have a @value or children {hasValue() or (children().count() > id.count())}
ext-1:Must have either extensions or value[x], not both {extension.exists() != value.exists()}","n/a"
"SpecimenDefinition.typeTested.handling.modifierExtension","SpecimenDefinition.typeTested.handling.modifierExtension","","extensions
user contentmodifiers","",0,*,"","Y","Y","Extension {[]} {[]}
","Extensions that cannot be ignored even if unrecognized","May be used to represent additional information that is not part of the basic definition of the element and that modifies the understanding of the element in which it is contained and/or the understanding of the containing element's descendants. Usually modifier elements provide negation or qualification. To make the use of extensions safe and manageable, there is a strict set of governance applied to the definition and use of extensions. Though any implementer can define an extension, there is a set of requirements that SHALL be met as part of the definition of the extension. Applications processing a resource are required to check for modifier extensions.

Modifier extensions SHALL NOT change the meaning of any elements on Resource or DomainResource (including cannot change the meaning of modifierExtension itself).","There can be no stigma associated with the use of extensions by any application, project, or standard - regardless of the institution or jurisdiction that uses or defines the extensions.  The use of extensions is what allows the FHIR specification to retain a core level of simplicity for everyone.","Modifier extensions allow for extensions that *cannot* be safely ignored to be clearly distinguished from the vast majority of extensions which can be safely ignored.  This promotes interoperability by eliminating the need for implementers to prohibit the presence of extensions. For further information, see the [definition of modifier extensions](http://hl7.org/fhir/R4/extensibility.html#modifierExtension).","","","","","","","",,,,,"",,,,"BackboneElement.modifierExtension",0,*,"","ele-1:All FHIR elements must have a @value or children {hasValue() or (children().count() > id.count())}
ext-1:Must have either extensions or value[x], not both {extension.exists() != value.exists()}","N/A"
"SpecimenDefinition.typeTested.handling.temperatureQualifier","SpecimenDefinition.typeTested.handling.temperatureQualifier","","","",0,1,"","","","CodeableConcept {[]} {[]}
","Temperature qualifier","It qualifies the interval of temperature, which characterizes an occurrence of handling. Conditions that are not related to temperature may be handled in the instruction element.","","","","","","","","","",,"example","Set of handling instructions prior testing of the specimen.","http://hl7.org/fhir/ValueSet/handling-condition|4.0.1","",,,,"SpecimenDefinition.typeTested.handling.temperatureQualifier",0,1,"","ele-1:All FHIR elements must have a @value or children {hasValue() or (children().count() > id.count())}
","OM4-15"
"SpecimenDefinition.typeTested.handling.temperatureRange","SpecimenDefinition.typeTested.handling.temperatureRange","","","",0,1,"","","","Range {[]} {[]}
","Temperature range","The temperature interval for this set of handling instructions.","","","","","","","","","",,,,,"",,,,"SpecimenDefinition.typeTested.handling.temperatureRange",0,1,"","ele-1:All FHIR elements must have a @value or children {hasValue() or (children().count() > id.count())}
"
"SpecimenDefinition.typeTested.handling.maxDuration","SpecimenDefinition.typeTested.handling.maxDuration","","","",0,1,"","","","Duration {[]} {[]}
","Maximum preservation time","The maximum time interval of preservation of the specimen with these conditions.","","","","","","","","","",,,,,"",,,,"SpecimenDefinition.typeTested.handling.maxDuration",0,1,"","ele-1:All FHIR elements must have a @value or children {hasValue() or (children().count() > id.count())}
"
"SpecimenDefinition.typeTested.handling.instruction","SpecimenDefinition.typeTested.handling.instruction","","","",0,1,"","","","string {[]} {[]}
","Preservation instruction","Additional textual instructions for the preservation or transport of the specimen. For instance, 'Protect from light exposure'.","","","","","","","<valueString xmlns=""http://hl7.org/fhir"" value=""freeze within 4 hours""/>","","",,,,,"",,,,"SpecimenDefinition.typeTested.handling.instruction",0,1,"","ele-1:All FHIR elements must have a @value or children {hasValue() or (children().count() > id.count())}
"
