"Id","Path","Slice Name","Alias(s)","Label","Min","Max","Must Support?","Is Modifier?","Is Summary?","Type(s)","Short","Definition","Comments","Requirements","Default Value","Meaning When Missing","Fixed Value","Pattern","Example","Minimum Value","Maximum Value","Maximum Length","Binding Strength","Binding Description","Binding Value Set","Code","Slicing Discriminator","Slicing Description","Slicing Ordered","Slicing Rules","Base Path","Base Min","Base Max","Condition(s)","Constraint(s)","Mapping: RIM Mapping"
"Extension","Extension","","","",0,*,"","","","null {[]} {[]}
","R5: The selected instances (new)","R5: `ImagingSelection.instance` (new:BackboneElement)","Element `ImagingSelection.instance` is not mapped to FHIR R4, since FHIR R5 `ImagingSelection` is not mapped.
Element `ImagingSelection.instance` has no mapping targets in FHIR R4. Typically, this is because the element has been added (is a new element).","","","","","","","","",,,,,"",,,,"Extension",0,*,"ele-1
","ele-1:All FHIR elements must have a @value or children {hasValue() or (children().count() > id.count())}
ext-1:Must have either extensions or value[x], not both {extension.exists() != value.exists()}"
"Extension.id","Extension.id","","","",0,1,"","","","string {[]} {[]}
","Unique id for inter-element referencing","Unique id for the element within a resource (for internal references). This may be any string value that does not contain spaces.","","","","","","","","","",,,,,"",,,,"Element.id",0,1,"","","n/a"
"Extension.extension","Extension.extension","","","",1,*,"","","","Extension {[]} {[]}
","Extension","An Extension","","","","","","","","","",,,,,"","value:url}
","Extensions are always sliced by (at least) url",,"open","Element.extension",0,*,"","ele-1:All FHIR elements must have a @value or children {hasValue() or (children().count() > id.count())}
ext-1:Must have either extensions or value[x], not both {extension.exists() != value.exists()}"
"Extension.extension:uid","Extension.extension","uid","","",1,1,"","","","Extension {[]} {[]}
","R5: DICOM SOP Instance UID (new)","R5: `ImagingSelection.instance.uid` (new:id)","Element `ImagingSelection.instance.uid` is part of an existing definition because parent element `ImagingSelection.instance` requires a cross-version extension.
Element `ImagingSelection.instance.uid` is not mapped to FHIR R4, since FHIR R5 `ImagingSelection` is not mapped.
Element `ImagingSelection.instance.uid` has no mapping targets in FHIR R4. Typically, this is because the element has been added (is a new element).
See [DICOM PS3.3 C.12.1](http://dicom.nema.org/medical/dicom/current/output/chtml/part03/sect_C.12.html).","DICOM SOP Instance UID. Element `ImagingSelection.instance.uid` is part of an existing definition because parent element `ImagingSelection.instance` requires a cross-version extension.
Element `ImagingSelection.instance.uid` is not mapped to FHIR R4, since FHIR R5 `ImagingSelection` is not mapped.
Element `ImagingSelection.instance.uid` has no mapping targets in FHIR R4. Typically, this is because the element has been added (is a new element).","","","","","","","",,,,,"",,,,"Element.extension",0,*,"","ele-1:All FHIR elements must have a @value or children {hasValue() or (children().count() > id.count())}
ext-1:Must have either extensions or value[x], not both {extension.exists() != value.exists()}"
"Extension.extension:uid.id","Extension.extension.id","","","",0,1,"","","","string {[]} {[]}
","Unique id for inter-element referencing","Unique id for the element within a resource (for internal references). This may be any string value that does not contain spaces.","","","","","","","","","",,,,,"",,,,"Element.id",0,1,"","","n/a"
"Extension.extension:uid.extension","Extension.extension.extension","","extensions
user content","",0,*,"","","","Extension {[]} {[]}
","Additional content defined by implementations","May be used to represent additional information that is not part of the basic definition of the element. To make the use of extensions safe and manageable, there is a strict set of governance  applied to the definition and use of extensions. Though any implementer can define an extension, there is a set of requirements that SHALL be met as part of the definition of the extension.","There can be no stigma associated with the use of extensions by any application, project, or standard - regardless of the institution or jurisdiction that uses or defines the extensions.  The use of extensions is what allows the FHIR specification to retain a core level of simplicity for everyone.","","","","","","","","",,,,,"","value:url}
","Extensions are always sliced by (at least) url",,"open","Element.extension",0,*,"","ele-1:All FHIR elements must have a @value or children {hasValue() or (children().count() > id.count())}
ext-1:Must have either extensions or value[x], not both {extension.exists() != value.exists()}","n/a"
"Extension.extension:uid.url","Extension.extension.url","","","",1,1,"","","","uri {[]} {[]}
","identifies the meaning of the extension","Source of the definition for the extension code - a logical name or a URL.","The definition may point directly to a computable or human-readable definition of the extensibility codes, or it may be a logical URI as declared in some other specification. The definition SHALL be a URI for the Structure Definition defining the extension.","","","","<valueUri xmlns=""http://hl7.org/fhir"" value=""uid""/>","","","","",,,,,"",,,,"Extension.url",1,1,"","","N/A"
"Extension.extension:uid.value[x]","Extension.extension.value[x]","","","",1,1,"","","","id {[]} {[]}
","DICOM SOP Instance UID","The SOP Instance UID for the selected DICOM instance.","See [DICOM PS3.3 C.12.1](http://dicom.nema.org/medical/dicom/current/output/chtml/part03/sect_C.12.html).","","","","","","","","",,,,,"",,,,"Extension.value[x]",0,1,"","ele-1:All FHIR elements must have a @value or children {hasValue() or (children().count() > id.count())}
","N/A"
"Extension.extension:number","Extension.extension","number","","",0,1,"","","","Extension {[]} {[]}
","R5: DICOM Instance Number (new)","R5: `ImagingSelection.instance.number` (new:unsignedInt)","Element `ImagingSelection.instance.number` is part of an existing definition because parent element `ImagingSelection.instance` requires a cross-version extension.
Element `ImagingSelection.instance.number` is not mapped to FHIR R4, since FHIR R5 `ImagingSelection` is not mapped.
Element `ImagingSelection.instance.number` has no mapping targets in FHIR R4. Typically, this is because the element has been added (is a new element).
See [DICOM PS3.3 C.7.6.1](https://dicom.nema.org/medical/dicom/current/output/chtml/part03/sect_C.7.6.html#sect_C.7.6.1).
       Note: A multiframe instance has a single instance number with each frame identified by a frame number.","DICOM Instance Number. Element `ImagingSelection.instance.number` is part of an existing definition because parent element `ImagingSelection.instance` requires a cross-version extension.
Element `ImagingSelection.instance.number` is not mapped to FHIR R4, since FHIR R5 `ImagingSelection` is not mapped.
Element `ImagingSelection.instance.number` has no mapping targets in FHIR R4. Typically, this is because the element has been added (is a new element).","","","","","","","",,,,,"",,,,"Element.extension",0,*,"","ele-1:All FHIR elements must have a @value or children {hasValue() or (children().count() > id.count())}
ext-1:Must have either extensions or value[x], not both {extension.exists() != value.exists()}"
"Extension.extension:number.id","Extension.extension.id","","","",0,1,"","","","string {[]} {[]}
","Unique id for inter-element referencing","Unique id for the element within a resource (for internal references). This may be any string value that does not contain spaces.","","","","","","","","","",,,,,"",,,,"Element.id",0,1,"","","n/a"
"Extension.extension:number.extension","Extension.extension.extension","","extensions
user content","",0,*,"","","","Extension {[]} {[]}
","Additional content defined by implementations","May be used to represent additional information that is not part of the basic definition of the element. To make the use of extensions safe and manageable, there is a strict set of governance  applied to the definition and use of extensions. Though any implementer can define an extension, there is a set of requirements that SHALL be met as part of the definition of the extension.","There can be no stigma associated with the use of extensions by any application, project, or standard - regardless of the institution or jurisdiction that uses or defines the extensions.  The use of extensions is what allows the FHIR specification to retain a core level of simplicity for everyone.","","","","","","","","",,,,,"","value:url}
","Extensions are always sliced by (at least) url",,"open","Element.extension",0,*,"","ele-1:All FHIR elements must have a @value or children {hasValue() or (children().count() > id.count())}
ext-1:Must have either extensions or value[x], not both {extension.exists() != value.exists()}","n/a"
"Extension.extension:number.url","Extension.extension.url","","","",1,1,"","","","uri {[]} {[]}
","identifies the meaning of the extension","Source of the definition for the extension code - a logical name or a URL.","The definition may point directly to a computable or human-readable definition of the extensibility codes, or it may be a logical URI as declared in some other specification. The definition SHALL be a URI for the Structure Definition defining the extension.","","","","<valueUri xmlns=""http://hl7.org/fhir"" value=""number""/>","","","","",,,,,"",,,,"Extension.url",1,1,"","","N/A"
"Extension.extension:number.value[x]","Extension.extension.value[x]","","","",0,1,"","","","unsignedInt {[]} {[]}
","DICOM Instance Number","The Instance Number for the selected DICOM instance.","See [DICOM PS3.3 C.7.6.1](https://dicom.nema.org/medical/dicom/current/output/chtml/part03/sect_C.7.6.html#sect_C.7.6.1).
       Note: A multiframe instance has a single instance number with each frame identified by a frame number.","","","","","","","","",,,,,"",,,,"Extension.value[x]",0,1,"","ele-1:All FHIR elements must have a @value or children {hasValue() or (children().count() > id.count())}
","N/A"
"Extension.extension:sopClass","Extension.extension","sopClass","","",0,1,"","","","Extension {[]} {[]}
","R5: DICOM SOP Class UID (new)","R5: `ImagingSelection.instance.sopClass` (new:Coding)","Element `ImagingSelection.instance.sopClass` is part of an existing definition because parent element `ImagingSelection.instance` requires a cross-version extension.
Element `ImagingSelection.instance.sopClass` is not mapped to FHIR R4, since FHIR R5 `ImagingSelection` is not mapped.
Element `ImagingSelection.instance.sopClass` has no mapping targets in FHIR R4. Typically, this is because the element has been added (is a new element).
See [DICOM PS3.3 C.12.1](http://dicom.nema.org/medical/dicom/current/output/chtml/part03/sect_C.12.html).","DICOM SOP Class UID. Element `ImagingSelection.instance.sopClass` is part of an existing definition because parent element `ImagingSelection.instance` requires a cross-version extension.
Element `ImagingSelection.instance.sopClass` is not mapped to FHIR R4, since FHIR R5 `ImagingSelection` is not mapped.
Element `ImagingSelection.instance.sopClass` has no mapping targets in FHIR R4. Typically, this is because the element has been added (is a new element).","","","","","","","",,,,,"",,,,"Element.extension",0,*,"","ele-1:All FHIR elements must have a @value or children {hasValue() or (children().count() > id.count())}
ext-1:Must have either extensions or value[x], not both {extension.exists() != value.exists()}"
"Extension.extension:sopClass.id","Extension.extension.id","","","",0,1,"","","","string {[]} {[]}
","Unique id for inter-element referencing","Unique id for the element within a resource (for internal references). This may be any string value that does not contain spaces.","","","","","","","","","",,,,,"",,,,"Element.id",0,1,"","","n/a"
"Extension.extension:sopClass.extension","Extension.extension.extension","","extensions
user content","",0,*,"","","","Extension {[]} {[]}
","Additional content defined by implementations","May be used to represent additional information that is not part of the basic definition of the element. To make the use of extensions safe and manageable, there is a strict set of governance  applied to the definition and use of extensions. Though any implementer can define an extension, there is a set of requirements that SHALL be met as part of the definition of the extension.","There can be no stigma associated with the use of extensions by any application, project, or standard - regardless of the institution or jurisdiction that uses or defines the extensions.  The use of extensions is what allows the FHIR specification to retain a core level of simplicity for everyone.","","","","","","","","",,,,,"","value:url}
","Extensions are always sliced by (at least) url",,"open","Element.extension",0,*,"","ele-1:All FHIR elements must have a @value or children {hasValue() or (children().count() > id.count())}
ext-1:Must have either extensions or value[x], not both {extension.exists() != value.exists()}","n/a"
"Extension.extension:sopClass.url","Extension.extension.url","","","",1,1,"","","","uri {[]} {[]}
","identifies the meaning of the extension","Source of the definition for the extension code - a logical name or a URL.","The definition may point directly to a computable or human-readable definition of the extensibility codes, or it may be a logical URI as declared in some other specification. The definition SHALL be a URI for the Structure Definition defining the extension.","","","","<valueUri xmlns=""http://hl7.org/fhir"" value=""sopClass""/>","","","","",,,,,"",,,,"Extension.url",1,1,"","","N/A"
"Extension.extension:sopClass.value[x]","Extension.extension.value[x]","","","",0,1,"","","","Coding {[]} {[]}
","DICOM SOP Class UID","The SOP Class UID for the selected DICOM instance.","See [DICOM PS3.3 C.12.1](http://dicom.nema.org/medical/dicom/current/output/chtml/part03/sect_C.12.html).","","","","","","","","",,,,,"",,,,"Extension.value[x]",0,1,"","ele-1:All FHIR elements must have a @value or children {hasValue() or (children().count() > id.count())}
","N/A"
"Extension.extension:subset","Extension.extension","subset","","",0,*,"","","","Extension {[]} {[]}
","R5: The selected subset of the SOP Instance (new)","R5: `ImagingSelection.instance.subset` (new:string)","Element `ImagingSelection.instance.subset` is part of an existing definition because parent element `ImagingSelection.instance` requires a cross-version extension.
Element `ImagingSelection.instance.subset` is not mapped to FHIR R4, since FHIR R5 `ImagingSelection` is not mapped.
Element `ImagingSelection.instance.subset` has no mapping targets in FHIR R4. Typically, this is because the element has been added (is a new element).","Element `ImagingSelection.instance.subset` is part of an existing definition because parent element `ImagingSelection.instance` requires a cross-version extension.
Element `ImagingSelection.instance.subset` is not mapped to FHIR R4, since FHIR R5 `ImagingSelection` is not mapped.
Element `ImagingSelection.instance.subset` has no mapping targets in FHIR R4. Typically, this is because the element has been added (is a new element).","","","","","","","",,,,,"",,,,"Element.extension",0,*,"","ele-1:All FHIR elements must have a @value or children {hasValue() or (children().count() > id.count())}
ext-1:Must have either extensions or value[x], not both {extension.exists() != value.exists()}"
"Extension.extension:subset.id","Extension.extension.id","","","",0,1,"","","","string {[]} {[]}
","Unique id for inter-element referencing","Unique id for the element within a resource (for internal references). This may be any string value that does not contain spaces.","","","","","","","","","",,,,,"",,,,"Element.id",0,1,"","","n/a"
"Extension.extension:subset.extension","Extension.extension.extension","","extensions
user content","",0,*,"","","","Extension {[]} {[]}
","Additional content defined by implementations","May be used to represent additional information that is not part of the basic definition of the element. To make the use of extensions safe and manageable, there is a strict set of governance  applied to the definition and use of extensions. Though any implementer can define an extension, there is a set of requirements that SHALL be met as part of the definition of the extension.","There can be no stigma associated with the use of extensions by any application, project, or standard - regardless of the institution or jurisdiction that uses or defines the extensions.  The use of extensions is what allows the FHIR specification to retain a core level of simplicity for everyone.","","","","","","","","",,,,,"","value:url}
","Extensions are always sliced by (at least) url",,"open","Element.extension",0,*,"","ele-1:All FHIR elements must have a @value or children {hasValue() or (children().count() > id.count())}
ext-1:Must have either extensions or value[x], not both {extension.exists() != value.exists()}","n/a"
"Extension.extension:subset.url","Extension.extension.url","","","",1,1,"","","","uri {[]} {[]}
","identifies the meaning of the extension","Source of the definition for the extension code - a logical name or a URL.","The definition may point directly to a computable or human-readable definition of the extensibility codes, or it may be a logical URI as declared in some other specification. The definition SHALL be a URI for the Structure Definition defining the extension.","","","","<valueUri xmlns=""http://hl7.org/fhir"" value=""subset""/>","","","","",,,,,"",,,,"Extension.url",1,1,"","","N/A"
"Extension.extension:subset.value[x]","Extension.extension.value[x]","","","",0,1,"","","","string {[]} {[]}
","The selected subset of the SOP Instance","Selected subset of the SOP Instance. The content and format of the subset item is determined by the SOP Class of the selected instance.
       May be one of:
       - A list of frame numbers selected from a multiframe SOP Instance.
       - A list of Content Item Observation UID values selected from a DICOM SR or other structured document SOP Instance.
       - A list of segment numbers selected from a segmentation SOP Instance.
       - A list of Region of Interest (ROI) numbers selected from a radiotherapy structure set SOP Instance.","","","","","","","","","",,,,,"",,,,"Extension.value[x]",0,1,"","ele-1:All FHIR elements must have a @value or children {hasValue() or (children().count() > id.count())}
","N/A"
"Extension.extension:imageRegion2D","Extension.extension","imageRegion2D","","",0,*,"","","","Extension {[]} {[]}
","R5: A specific 2D region in a DICOM image / frame (new)","R5: `ImagingSelection.instance.imageRegion2D` (new:BackboneElement)","Element `ImagingSelection.instance.imageRegion2D` is part of an existing definition because parent element `ImagingSelection.instance` requires a cross-version extension.
Element `ImagingSelection.instance.imageRegion2D` is not mapped to FHIR R4, since FHIR R5 `ImagingSelection` is not mapped.
Element `ImagingSelection.instance.imageRegion2D` has no mapping targets in FHIR R4. Typically, this is because the element has been added (is a new element).","Shall not be present if the parent imagingSelection.instance is not an image. Element `ImagingSelection.instance.imageRegion2D` is part of an existing definition because parent element `ImagingSelection.instance` requires a cross-version extension.
Element `ImagingSelection.instance.imageRegion2D` is not mapped to FHIR R4, since FHIR R5 `ImagingSelection` is not mapped.
Element `ImagingSelection.instance.imageRegion2D` has no mapping targets in FHIR R4. Typically, this is because the element has been added (is a new element).","","","","","","","",,,,,"",,,,"Element.extension",0,*,"","ele-1:All FHIR elements must have a @value or children {hasValue() or (children().count() > id.count())}
ext-1:Must have either extensions or value[x], not both {extension.exists() != value.exists()}"
"Extension.extension:imageRegion2D.id","Extension.extension.id","","","",0,1,"","","","string {[]} {[]}
","Unique id for inter-element referencing","Unique id for the element within a resource (for internal references). This may be any string value that does not contain spaces.","","","","","","","","","",,,,,"",,,,"Element.id",0,1,"","","n/a"
"Extension.extension:imageRegion2D.extension","Extension.extension.extension","","","",2,*,"","","","Extension {[]} {[]}
","Extension","An Extension","","","","","","","","","",,,,,"","value:url}
","Extensions are always sliced by (at least) url",,"open","Element.extension",0,*,"","ele-1:All FHIR elements must have a @value or children {hasValue() or (children().count() > id.count())}
ext-1:Must have either extensions or value[x], not both {extension.exists() != value.exists()}"
"Extension.extension:imageRegion2D.extension:regionType","Extension.extension.extension","regionType","","",1,1,"","","","Extension {[]} {[]}
","R5: point | polyline | interpolated | circle | ellipse (new)","R5: `ImagingSelection.instance.imageRegion2D.regionType` (new:code)","Element `ImagingSelection.instance.imageRegion2D.regionType` is part of an existing definition because parent element `ImagingSelection.instance.imageRegion2D` requires a cross-version extension.
Element `ImagingSelection.instance.imageRegion2D.regionType` is not mapped to FHIR R4, since FHIR R5 `ImagingSelection` is not mapped.
Element `ImagingSelection.instance.imageRegion2D.regionType` has no mapping targets in FHIR R4. Typically, this is because the element has been added (is a new element).
See [DICOM PS3.3 C.10.5.1.2](https://dicom.nema.org/medical/dicom/current/output/chtml/part03/sect_C.10.5.html#sect_C.10.5.1.2).","Element `ImagingSelection.instance.imageRegion2D.regionType` is part of an existing definition because parent element `ImagingSelection.instance.imageRegion2D` requires a cross-version extension.
Element `ImagingSelection.instance.imageRegion2D.regionType` is not mapped to FHIR R4, since FHIR R5 `ImagingSelection` is not mapped.
Element `ImagingSelection.instance.imageRegion2D.regionType` has no mapping targets in FHIR R4. Typically, this is because the element has been added (is a new element).","","","","","","","",,,,,"",,,,"Element.extension",0,*,"","ele-1:All FHIR elements must have a @value or children {hasValue() or (children().count() > id.count())}
ext-1:Must have either extensions or value[x], not both {extension.exists() != value.exists()}"
"Extension.extension:imageRegion2D.extension:regionType.id","Extension.extension.extension.id","","","",0,1,"","","","string {[]} {[]}
","Unique id for inter-element referencing","Unique id for the element within a resource (for internal references). This may be any string value that does not contain spaces.","","","","","","","","","",,,,,"",,,,"Element.id",0,1,"","","n/a"
"Extension.extension:imageRegion2D.extension:regionType.extension","Extension.extension.extension.extension","","extensions
user content","",0,*,"","","","Extension {[]} {[]}
","Additional content defined by implementations","May be used to represent additional information that is not part of the basic definition of the element. To make the use of extensions safe and manageable, there is a strict set of governance  applied to the definition and use of extensions. Though any implementer can define an extension, there is a set of requirements that SHALL be met as part of the definition of the extension.","There can be no stigma associated with the use of extensions by any application, project, or standard - regardless of the institution or jurisdiction that uses or defines the extensions.  The use of extensions is what allows the FHIR specification to retain a core level of simplicity for everyone.","","","","","","","","",,,,,"","value:url}
","Extensions are always sliced by (at least) url",,"open","Element.extension",0,*,"","ele-1:All FHIR elements must have a @value or children {hasValue() or (children().count() > id.count())}
ext-1:Must have either extensions or value[x], not both {extension.exists() != value.exists()}","n/a"
"Extension.extension:imageRegion2D.extension:regionType.url","Extension.extension.extension.url","","","",1,1,"","","","uri {[]} {[]}
","identifies the meaning of the extension","Source of the definition for the extension code - a logical name or a URL.","The definition may point directly to a computable or human-readable definition of the extensibility codes, or it may be a logical URI as declared in some other specification. The definition SHALL be a URI for the Structure Definition defining the extension.","","","","<valueUri xmlns=""http://hl7.org/fhir"" value=""regionType""/>","","","","",,,,,"",,,,"Extension.url",1,1,"","","N/A"
"Extension.extension:imageRegion2D.extension:regionType.value[x]","Extension.extension.extension.value[x]","","","",1,1,"","","","code {[]} {[]}
","point | polyline | interpolated | circle | ellipse","Specifies the type of image region.","See [DICOM PS3.3 C.10.5.1.2](https://dicom.nema.org/medical/dicom/current/output/chtml/part03/sect_C.10.5.html#sect_C.10.5.1.2).","","","","","","","","",,"required","The type of image region.","http://hl7.org/fhir/uv/xver/ValueSet/R5-imagingselection-2dgraphictype-for-R4|0.1.0","",,,,"Extension.value[x]",0,1,"","ele-1:All FHIR elements must have a @value or children {hasValue() or (children().count() > id.count())}
","N/A"
"Extension.extension:imageRegion2D.extension:coordinate","Extension.extension.extension","coordinate","","",1,*,"","","","Extension {[]} {[]}
","R5: Specifies the coordinates that define the image region (new)","R5: `ImagingSelection.instance.imageRegion2D.coordinate` (new:decimal)","Element `ImagingSelection.instance.imageRegion2D.coordinate` is part of an existing definition because parent element `ImagingSelection.instance.imageRegion2D` requires a cross-version extension.
Element `ImagingSelection.instance.imageRegion2D.coordinate` is not mapped to FHIR R4, since FHIR R5 `ImagingSelection` is not mapped.
Element `ImagingSelection.instance.imageRegion2D.coordinate` has no mapping targets in FHIR R4. Typically, this is because the element has been added (is a new element).
For a description of how 2D coordinates are encoded, see [DICOM PS3.3 C.18.6](http://dicom.nema.org/medical/dicom/current/output/chtml/part03/sect_C.18.6.html).","The number of values must be a multiple of two. Element `ImagingSelection.instance.imageRegion2D.coordinate` is part of an existing definition because parent element `ImagingSelection.instance.imageRegion2D` requires a cross-version extension.
Element `ImagingSelection.instance.imageRegion2D.coordinate` is not mapped to FHIR R4, since FHIR R5 `ImagingSelection` is not mapped.
Element `ImagingSelection.instance.imageRegion2D.coordinate` has no mapping targets in FHIR R4. Typically, this is because the element has been added (is a new element).","","","","","","","",,,,,"",,,,"Element.extension",0,*,"","ele-1:All FHIR elements must have a @value or children {hasValue() or (children().count() > id.count())}
ext-1:Must have either extensions or value[x], not both {extension.exists() != value.exists()}"
"Extension.extension:imageRegion2D.extension:coordinate.id","Extension.extension.extension.id","","","",0,1,"","","","string {[]} {[]}
","Unique id for inter-element referencing","Unique id for the element within a resource (for internal references). This may be any string value that does not contain spaces.","","","","","","","","","",,,,,"",,,,"Element.id",0,1,"","","n/a"
"Extension.extension:imageRegion2D.extension:coordinate.extension","Extension.extension.extension.extension","","extensions
user content","",0,*,"","","","Extension {[]} {[]}
","Additional content defined by implementations","May be used to represent additional information that is not part of the basic definition of the element. To make the use of extensions safe and manageable, there is a strict set of governance  applied to the definition and use of extensions. Though any implementer can define an extension, there is a set of requirements that SHALL be met as part of the definition of the extension.","There can be no stigma associated with the use of extensions by any application, project, or standard - regardless of the institution or jurisdiction that uses or defines the extensions.  The use of extensions is what allows the FHIR specification to retain a core level of simplicity for everyone.","","","","","","","","",,,,,"","value:url}
","Extensions are always sliced by (at least) url",,"open","Element.extension",0,*,"","ele-1:All FHIR elements must have a @value or children {hasValue() or (children().count() > id.count())}
ext-1:Must have either extensions or value[x], not both {extension.exists() != value.exists()}","n/a"
"Extension.extension:imageRegion2D.extension:coordinate.url","Extension.extension.extension.url","","","",1,1,"","","","uri {[]} {[]}
","identifies the meaning of the extension","Source of the definition for the extension code - a logical name or a URL.","The definition may point directly to a computable or human-readable definition of the extensibility codes, or it may be a logical URI as declared in some other specification. The definition SHALL be a URI for the Structure Definition defining the extension.","","","","<valueUri xmlns=""http://hl7.org/fhir"" value=""coordinate""/>","","","","",,,,,"",,,,"Extension.url",1,1,"","","N/A"
"Extension.extension:imageRegion2D.extension:coordinate.value[x]","Extension.extension.extension.value[x]","","","",1,1,"","","","decimal {[]} {[]}
","Specifies the coordinates that define the image region","The coordinates describing the image region. Encoded as a set of (column, row) pairs that denote positions in the selected image / frames specified with sub-pixel resolution.
       The origin at the TLHC of the TLHC pixel is 0.0\0.0, the BRHC of the TLHC pixel is 1.0\1.0, and the BRHC of the BRHC pixel is the number of columns\rows in the image / frames. The values must be within the range 0\0 to the number of columns\rows in the image / frames.","For a description of how 2D coordinates are encoded, see [DICOM PS3.3 C.18.6](http://dicom.nema.org/medical/dicom/current/output/chtml/part03/sect_C.18.6.html).","","","","","","","","",,,,,"",,,,"Extension.value[x]",0,1,"","ele-1:All FHIR elements must have a @value or children {hasValue() or (children().count() > id.count())}
","N/A"
"Extension.extension:imageRegion2D.url","Extension.extension.url","","","",1,1,"","","","uri {[]} {[]}
","identifies the meaning of the extension","Source of the definition for the extension code - a logical name or a URL.","The definition may point directly to a computable or human-readable definition of the extensibility codes, or it may be a logical URI as declared in some other specification. The definition SHALL be a URI for the Structure Definition defining the extension.","","","","<valueUri xmlns=""http://hl7.org/fhir"" value=""imageRegion2D""/>","","","","",,,,,"",,,,"Extension.url",1,1,"","","N/A"
"Extension.extension:imageRegion2D.value[x]","Extension.extension.value[x]","","","",0,0,"","","","base64Binary {[]} {[]}
boolean {[]} {[]}canonical {[]} {[]}code {[]} {[]}date {[]} {[]}dateTime {[]} {[]}decimal {[]} {[]}id {[]} {[]}instant {[]} {[]}integer {[]} {[]}markdown {[]} {[]}oid {[]} {[]}positiveInt {[]} {[]}string {[]} {[]}time {[]} {[]}unsignedInt {[]} {[]}uri {[]} {[]}url {[]} {[]}uuid {[]} {[]}Address {[]} {[]}Age {[]} {[]}Annotation {[]} {[]}Attachment {[]} {[]}CodeableConcept {[]} {[]}Coding {[]} {[]}ContactPoint {[]} {[]}Count {[]} {[]}Distance {[]} {[]}Duration {[]} {[]}HumanName {[]} {[]}Identifier {[]} {[]}Money {[]} {[]}Period {[]} {[]}Quantity {[]} {[]}Range {[]} {[]}Ratio {[]} {[]}Reference {[]} {[]}SampledData {[]} {[]}Signature {[]} {[]}Timing {[]} {[]}ContactDetail {[]} {[]}Contributor {[]} {[]}DataRequirement {[]} {[]}Expression {[]} {[]}ParameterDefinition {[]} {[]}RelatedArtifact {[]} {[]}TriggerDefinition {[]} {[]}UsageContext {[]} {[]}Dosage {[]} {[]}Meta {[]} {[]}","Value of extension","Value of extension - must be one of a constrained set of the data types (see [Extensibility](http://hl7.org/fhir/R4/extensibility.html) for a list).","","","","","","","","","",,,,,"",,,,"Extension.value[x]",0,1,"","ele-1:All FHIR elements must have a @value or children {hasValue() or (children().count() > id.count())}
","N/A"
"Extension.extension:imageRegion3D","Extension.extension","imageRegion3D","","",0,*,"","","","Extension {[]} {[]}
","R5: A specific 3D region in a DICOM frame of reference (new)","R5: `ImagingSelection.instance.imageRegion3D` (new:BackboneElement)","Element `ImagingSelection.instance.imageRegion3D` is part of an existing definition because parent element `ImagingSelection.instance` requires a cross-version extension.
Element `ImagingSelection.instance.imageRegion3D` is not mapped to FHIR R4, since FHIR R5 `ImagingSelection` is not mapped.
Element `ImagingSelection.instance.imageRegion3D` has no mapping targets in FHIR R4. Typically, this is because the element has been added (is a new element).","Requires that the ImagingSelection.frameOfReferenceUid element is present. Element `ImagingSelection.instance.imageRegion3D` is part of an existing definition because parent element `ImagingSelection.instance` requires a cross-version extension.
Element `ImagingSelection.instance.imageRegion3D` is not mapped to FHIR R4, since FHIR R5 `ImagingSelection` is not mapped.
Element `ImagingSelection.instance.imageRegion3D` has no mapping targets in FHIR R4. Typically, this is because the element has been added (is a new element).","","","","","","","",,,,,"",,,,"Element.extension",0,*,"","ele-1:All FHIR elements must have a @value or children {hasValue() or (children().count() > id.count())}
ext-1:Must have either extensions or value[x], not both {extension.exists() != value.exists()}"
"Extension.extension:imageRegion3D.id","Extension.extension.id","","","",0,1,"","","","string {[]} {[]}
","Unique id for inter-element referencing","Unique id for the element within a resource (for internal references). This may be any string value that does not contain spaces.","","","","","","","","","",,,,,"",,,,"Element.id",0,1,"","","n/a"
"Extension.extension:imageRegion3D.extension","Extension.extension.extension","","","",2,*,"","","","Extension {[]} {[]}
","Extension","An Extension","","","","","","","","","",,,,,"","value:url}
","Extensions are always sliced by (at least) url",,"open","Element.extension",0,*,"","ele-1:All FHIR elements must have a @value or children {hasValue() or (children().count() > id.count())}
ext-1:Must have either extensions or value[x], not both {extension.exists() != value.exists()}"
"Extension.extension:imageRegion3D.extension:regionType","Extension.extension.extension","regionType","","",1,1,"","","","Extension {[]} {[]}
","R5: point | multipoint | polyline | polygon | ellipse | ellipsoid (new)","R5: `ImagingSelection.instance.imageRegion3D.regionType` (new:code)","Element `ImagingSelection.instance.imageRegion3D.regionType` is part of an existing definition because parent element `ImagingSelection.instance.imageRegion3D` requires a cross-version extension.
Element `ImagingSelection.instance.imageRegion3D.regionType` is not mapped to FHIR R4, since FHIR R5 `ImagingSelection` is not mapped.
Element `ImagingSelection.instance.imageRegion3D.regionType` has no mapping targets in FHIR R4. Typically, this is because the element has been added (is a new element).
See [DICOM PS3.3 C.18.9.1.2](http://dicom.nema.org/medical/dicom/current/output/chtml/part03/sect_C.18.9.html#sect_C.18.9.1.2).","Element `ImagingSelection.instance.imageRegion3D.regionType` is part of an existing definition because parent element `ImagingSelection.instance.imageRegion3D` requires a cross-version extension.
Element `ImagingSelection.instance.imageRegion3D.regionType` is not mapped to FHIR R4, since FHIR R5 `ImagingSelection` is not mapped.
Element `ImagingSelection.instance.imageRegion3D.regionType` has no mapping targets in FHIR R4. Typically, this is because the element has been added (is a new element).","","","","","","","",,,,,"",,,,"Element.extension",0,*,"","ele-1:All FHIR elements must have a @value or children {hasValue() or (children().count() > id.count())}
ext-1:Must have either extensions or value[x], not both {extension.exists() != value.exists()}"
"Extension.extension:imageRegion3D.extension:regionType.id","Extension.extension.extension.id","","","",0,1,"","","","string {[]} {[]}
","Unique id for inter-element referencing","Unique id for the element within a resource (for internal references). This may be any string value that does not contain spaces.","","","","","","","","","",,,,,"",,,,"Element.id",0,1,"","","n/a"
"Extension.extension:imageRegion3D.extension:regionType.extension","Extension.extension.extension.extension","","extensions
user content","",0,*,"","","","Extension {[]} {[]}
","Additional content defined by implementations","May be used to represent additional information that is not part of the basic definition of the element. To make the use of extensions safe and manageable, there is a strict set of governance  applied to the definition and use of extensions. Though any implementer can define an extension, there is a set of requirements that SHALL be met as part of the definition of the extension.","There can be no stigma associated with the use of extensions by any application, project, or standard - regardless of the institution or jurisdiction that uses or defines the extensions.  The use of extensions is what allows the FHIR specification to retain a core level of simplicity for everyone.","","","","","","","","",,,,,"","value:url}
","Extensions are always sliced by (at least) url",,"open","Element.extension",0,*,"","ele-1:All FHIR elements must have a @value or children {hasValue() or (children().count() > id.count())}
ext-1:Must have either extensions or value[x], not both {extension.exists() != value.exists()}","n/a"
"Extension.extension:imageRegion3D.extension:regionType.url","Extension.extension.extension.url","","","",1,1,"","","","uri {[]} {[]}
","identifies the meaning of the extension","Source of the definition for the extension code - a logical name or a URL.","The definition may point directly to a computable or human-readable definition of the extensibility codes, or it may be a logical URI as declared in some other specification. The definition SHALL be a URI for the Structure Definition defining the extension.","","","","<valueUri xmlns=""http://hl7.org/fhir"" value=""regionType""/>","","","","",,,,,"",,,,"Extension.url",1,1,"","","N/A"
"Extension.extension:imageRegion3D.extension:regionType.value[x]","Extension.extension.extension.value[x]","","","",1,1,"","","","code {[]} {[]}
","point | multipoint | polyline | polygon | ellipse | ellipsoid","Specifies the type of image region.","See [DICOM PS3.3 C.18.9.1.2](http://dicom.nema.org/medical/dicom/current/output/chtml/part03/sect_C.18.9.html#sect_C.18.9.1.2).","","","","","","","","",,"required","The type of image region.","http://hl7.org/fhir/uv/xver/ValueSet/R5-imagingselection-3dgraphictype-for-R4|0.1.0","",,,,"Extension.value[x]",0,1,"","ele-1:All FHIR elements must have a @value or children {hasValue() or (children().count() > id.count())}
","N/A"
"Extension.extension:imageRegion3D.extension:coordinate","Extension.extension.extension","coordinate","","",1,*,"","","","Extension {[]} {[]}
","R5: Specifies the coordinates that define the image region (new)","R5: `ImagingSelection.instance.imageRegion3D.coordinate` (new:decimal)","Element `ImagingSelection.instance.imageRegion3D.coordinate` is part of an existing definition because parent element `ImagingSelection.instance.imageRegion3D` requires a cross-version extension.
Element `ImagingSelection.instance.imageRegion3D.coordinate` is not mapped to FHIR R4, since FHIR R5 `ImagingSelection` is not mapped.
Element `ImagingSelection.instance.imageRegion3D.coordinate` has no mapping targets in FHIR R4. Typically, this is because the element has been added (is a new element).
For a description of how 3D coordinates are encoded, see [DICOM PS3.3 C.18.9](http://dicom.nema.org/medical/dicom/current/output/chtml/part03/sect_C.18.9.html).","The number of values must be a multiple of three. Element `ImagingSelection.instance.imageRegion3D.coordinate` is part of an existing definition because parent element `ImagingSelection.instance.imageRegion3D` requires a cross-version extension.
Element `ImagingSelection.instance.imageRegion3D.coordinate` is not mapped to FHIR R4, since FHIR R5 `ImagingSelection` is not mapped.
Element `ImagingSelection.instance.imageRegion3D.coordinate` has no mapping targets in FHIR R4. Typically, this is because the element has been added (is a new element).","","","","","","","",,,,,"",,,,"Element.extension",0,*,"","ele-1:All FHIR elements must have a @value or children {hasValue() or (children().count() > id.count())}
ext-1:Must have either extensions or value[x], not both {extension.exists() != value.exists()}"
"Extension.extension:imageRegion3D.extension:coordinate.id","Extension.extension.extension.id","","","",0,1,"","","","string {[]} {[]}
","Unique id for inter-element referencing","Unique id for the element within a resource (for internal references). This may be any string value that does not contain spaces.","","","","","","","","","",,,,,"",,,,"Element.id",0,1,"","","n/a"
"Extension.extension:imageRegion3D.extension:coordinate.extension","Extension.extension.extension.extension","","extensions
user content","",0,*,"","","","Extension {[]} {[]}
","Additional content defined by implementations","May be used to represent additional information that is not part of the basic definition of the element. To make the use of extensions safe and manageable, there is a strict set of governance  applied to the definition and use of extensions. Though any implementer can define an extension, there is a set of requirements that SHALL be met as part of the definition of the extension.","There can be no stigma associated with the use of extensions by any application, project, or standard - regardless of the institution or jurisdiction that uses or defines the extensions.  The use of extensions is what allows the FHIR specification to retain a core level of simplicity for everyone.","","","","","","","","",,,,,"","value:url}
","Extensions are always sliced by (at least) url",,"open","Element.extension",0,*,"","ele-1:All FHIR elements must have a @value or children {hasValue() or (children().count() > id.count())}
ext-1:Must have either extensions or value[x], not both {extension.exists() != value.exists()}","n/a"
"Extension.extension:imageRegion3D.extension:coordinate.url","Extension.extension.extension.url","","","",1,1,"","","","uri {[]} {[]}
","identifies the meaning of the extension","Source of the definition for the extension code - a logical name or a URL.","The definition may point directly to a computable or human-readable definition of the extensibility codes, or it may be a logical URI as declared in some other specification. The definition SHALL be a URI for the Structure Definition defining the extension.","","","","<valueUri xmlns=""http://hl7.org/fhir"" value=""coordinate""/>","","","","",,,,,"",,,,"Extension.url",1,1,"","","N/A"
"Extension.extension:imageRegion3D.extension:coordinate.value[x]","Extension.extension.extension.value[x]","","","",1,1,"","","","decimal {[]} {[]}
","Specifies the coordinates that define the image region","The coordinates describing the image region. Encoded as an ordered set of (x,y,z) triplets (in mm and may be negative) that define a region of interest in the patient-relative Reference Coordinate System defined by ImagingSelection.frameOfReferenceUid element.","For a description of how 3D coordinates are encoded, see [DICOM PS3.3 C.18.9](http://dicom.nema.org/medical/dicom/current/output/chtml/part03/sect_C.18.9.html).","","","","","","","","",,,,,"",,,,"Extension.value[x]",0,1,"","ele-1:All FHIR elements must have a @value or children {hasValue() or (children().count() > id.count())}
","N/A"
"Extension.extension:imageRegion3D.url","Extension.extension.url","","","",1,1,"","","","uri {[]} {[]}
","identifies the meaning of the extension","Source of the definition for the extension code - a logical name or a URL.","The definition may point directly to a computable or human-readable definition of the extensibility codes, or it may be a logical URI as declared in some other specification. The definition SHALL be a URI for the Structure Definition defining the extension.","","","","<valueUri xmlns=""http://hl7.org/fhir"" value=""imageRegion3D""/>","","","","",,,,,"",,,,"Extension.url",1,1,"","","N/A"
"Extension.extension:imageRegion3D.value[x]","Extension.extension.value[x]","","","",0,0,"","","","base64Binary {[]} {[]}
boolean {[]} {[]}canonical {[]} {[]}code {[]} {[]}date {[]} {[]}dateTime {[]} {[]}decimal {[]} {[]}id {[]} {[]}instant {[]} {[]}integer {[]} {[]}markdown {[]} {[]}oid {[]} {[]}positiveInt {[]} {[]}string {[]} {[]}time {[]} {[]}unsignedInt {[]} {[]}uri {[]} {[]}url {[]} {[]}uuid {[]} {[]}Address {[]} {[]}Age {[]} {[]}Annotation {[]} {[]}Attachment {[]} {[]}CodeableConcept {[]} {[]}Coding {[]} {[]}ContactPoint {[]} {[]}Count {[]} {[]}Distance {[]} {[]}Duration {[]} {[]}HumanName {[]} {[]}Identifier {[]} {[]}Money {[]} {[]}Period {[]} {[]}Quantity {[]} {[]}Range {[]} {[]}Ratio {[]} {[]}Reference {[]} {[]}SampledData {[]} {[]}Signature {[]} {[]}Timing {[]} {[]}ContactDetail {[]} {[]}Contributor {[]} {[]}DataRequirement {[]} {[]}Expression {[]} {[]}ParameterDefinition {[]} {[]}RelatedArtifact {[]} {[]}TriggerDefinition {[]} {[]}UsageContext {[]} {[]}Dosage {[]} {[]}Meta {[]} {[]}","Value of extension","Value of extension - must be one of a constrained set of the data types (see [Extensibility](http://hl7.org/fhir/R4/extensibility.html) for a list).","","","","","","","","","",,,,,"",,,,"Extension.value[x]",0,1,"","ele-1:All FHIR elements must have a @value or children {hasValue() or (children().count() > id.count())}
","N/A"
"Extension.url","Extension.url","","","",1,1,"","","","uri {[]} {[]}
","identifies the meaning of the extension","Source of the definition for the extension code - a logical name or a URL.","The definition may point directly to a computable or human-readable definition of the extensibility codes, or it may be a logical URI as declared in some other specification. The definition SHALL be a URI for the Structure Definition defining the extension.","","","","<valueUri xmlns=""http://hl7.org/fhir"" value=""http://hl7.org/fhir/5.0/StructureDefinition/extension-ImagingSelection.instance""/>","","","","",,,,,"",,,,"Extension.url",1,1,"","","N/A"
"Extension.value[x]","Extension.value[x]","","","",0,0,"","","","base64Binary {[]} {[]}
boolean {[]} {[]}canonical {[]} {[]}code {[]} {[]}date {[]} {[]}dateTime {[]} {[]}decimal {[]} {[]}id {[]} {[]}instant {[]} {[]}integer {[]} {[]}markdown {[]} {[]}oid {[]} {[]}positiveInt {[]} {[]}string {[]} {[]}time {[]} {[]}unsignedInt {[]} {[]}uri {[]} {[]}url {[]} {[]}uuid {[]} {[]}Address {[]} {[]}Age {[]} {[]}Annotation {[]} {[]}Attachment {[]} {[]}CodeableConcept {[]} {[]}Coding {[]} {[]}ContactPoint {[]} {[]}Count {[]} {[]}Distance {[]} {[]}Duration {[]} {[]}HumanName {[]} {[]}Identifier {[]} {[]}Money {[]} {[]}Period {[]} {[]}Quantity {[]} {[]}Range {[]} {[]}Ratio {[]} {[]}Reference {[]} {[]}SampledData {[]} {[]}Signature {[]} {[]}Timing {[]} {[]}ContactDetail {[]} {[]}Contributor {[]} {[]}DataRequirement {[]} {[]}Expression {[]} {[]}ParameterDefinition {[]} {[]}RelatedArtifact {[]} {[]}TriggerDefinition {[]} {[]}UsageContext {[]} {[]}Dosage {[]} {[]}Meta {[]} {[]}","Value of extension","Value of extension - must be one of a constrained set of the data types (see [Extensibility](http://hl7.org/fhir/R4/extensibility.html) for a list).","","","","","","","","","",,,,,"",,,,"Extension.value[x]",0,1,"","ele-1:All FHIR elements must have a @value or children {hasValue() or (children().count() > id.count())}
","N/A"
