"Id","Path","Slice Name","Alias(s)","Label","Min","Max","Must Support?","Is Modifier?","Is Summary?","Type(s)","Short","Definition","Comments","Requirements","Default Value","Meaning When Missing","Fixed Value","Pattern","Example","Minimum Value","Maximum Value","Maximum Length","Binding Strength","Binding Description","Binding Value Set","Code","Slicing Discriminator","Slicing Description","Slicing Ordered","Slicing Rules","Base Path","Base Min","Base Max","Condition(s)","Constraint(s)","Mapping: RIM Mapping","Mapping: FiveWs Pattern Mapping"
"Basic","Basic","","Z-resource
Extension-resourceCustom-resource","",0,*,"","","","null {[]} {[]}
","Resource for non-supported content","Basic is used for handling concepts not yet defined in FHIR, narrative-only resources that don't map to an existing resource, and custom resources not appropriate for inclusion in the FHIR specification.","","","","","","","","","",,,,,"",,,,"Basic",0,*,"","dom-2:If the resource is contained in another resource, it SHALL NOT contain nested Resources {contained.contained.empty()}
dom-3:If the resource is contained in another resource, it SHALL be referred to from elsewhere in the resource or SHALL refer to the containing resource {contained.where((('#'+id in (%resource.descendants().reference | %resource.descendants().as(canonical) | %resource.descendants().as(uri) | %resource.descendants().as(url))) or descendants().where(reference = '#').exists() or descendants().where(as(canonical) = '#').exists() or descendants().where(as(canonical) = '#').exists()).not()).trace('unmatched', id).empty()}dom-4:If a resource is contained in another resource, it SHALL NOT have a meta.versionId or a meta.lastUpdated {contained.meta.versionId.empty() and contained.meta.lastUpdated.empty()}dom-5:If a resource is contained in another resource, it SHALL NOT have a security label {contained.meta.security.empty()}dom-6:A resource should have narrative for robust management {text.`div`.exists()}","Entity. Role, or Act","Act, Entity or Role"
"Basic.id","Basic.id","","","",0,1,"","","Y","id {[]} {[]}
","Logical id of this artifact","The logical id of the resource, as used in the URL for the resource. Once assigned, this value never changes.","The only time that a resource does not have an id is when it is being submitted to the server using a create operation.","","","","","","","","",,,,,"",,,,"Resource.id",0,1,"",""
"Basic.meta","Basic.meta","","","",0,1,"","","Y","Meta {[]} {[]}
","Metadata about the resource","The metadata about the resource. This is content that is maintained by the infrastructure. Changes to the content might not always be associated with version changes to the resource.","","","","","","","","","",,,,,"",,,,"Resource.meta",0,1,"","ele-1:All FHIR elements must have a @value or children {hasValue() or (children().count() > id.count())}
"
"Basic.implicitRules","Basic.implicitRules","","","",0,1,"","Y","Y","uri {[]} {[]}
","A set of rules under which this content was created","A reference to a set of rules that were followed when the resource was constructed, and which must be understood when processing the content. Often, this is a reference to an implementation guide that defines the special rules along with other profiles etc.","Asserting this rule set restricts the content to be only understood by a limited set of trading partners. This inherently limits the usefulness of the data in the long term. However, the existing health eco-system is highly fractured, and not yet ready to define, collect, and exchange data in a generally computable sense. Wherever possible, implementers and/or specification writers should avoid using this element. Often, when used, the URL is a reference to an implementation guide that defines these special rules as part of it's narrative along with other profiles, value sets, etc.","","","","","","","","",,,,,"",,,,"Resource.implicitRules",0,1,"","ele-1:All FHIR elements must have a @value or children {hasValue() or (children().count() > id.count())}
"
"Basic.language","Basic.language","","","",0,1,"","","","code {[]} {[]}
","Language of the resource content","The base language in which the resource is written.","Language is provided to support indexing and accessibility (typically, services such as text to speech use the language tag). The html language tag in the narrative applies  to the narrative. The language tag on the resource may be used to specify the language of other presentations generated from the data in the resource. Not all the content has to be in the base language. The Resource.language should not be assumed to apply to the narrative automatically. If a language is specified, it should it also be specified on the div element in the html (see rules in HTML5 for information about the relationship between xml:lang and the html lang attribute).","","","","","","","","",,"preferred","A human language.","http://hl7.org/fhir/ValueSet/languages|4.0.1","",,,,"Resource.language",0,1,"","ele-1:All FHIR elements must have a @value or children {hasValue() or (children().count() > id.count())}
"
"Basic.text","Basic.text","","narrative
htmlxhtmldisplay","",0,1,"","","","Narrative {[]} {[]}
","Text summary of the resource, for human interpretation","A human-readable narrative that contains a summary of the resource and can be used to represent the content of the resource to a human. The narrative need not encode all the structured data, but is required to contain sufficient detail to make it ""clinically safe"" for a human to just read the narrative. Resource definitions may define what content should be represented in the narrative to ensure clinical safety.","Contained resources do not have narrative. Resources that are not contained SHOULD have a narrative. In some cases, a resource may only have text with little or no additional discrete data (as long as all minOccurs=1 elements are satisfied).  This may be necessary for data from legacy systems where information is captured as a ""text blob"" or where text is additionally entered raw or narrated and encoded information is added later.","","","","","","","","",,,,,"",,,,"DomainResource.text",0,1,"","ele-1:All FHIR elements must have a @value or children {hasValue() or (children().count() > id.count())}
","Act.text?"
"Basic.contained","Basic.contained","","inline resources
anonymous resourcescontained resources","",0,*,"","","","Resource {[]} {[]}
","Contained, inline Resources","These resources do not have an independent existence apart from the resource that contains them - they cannot be identified independently, and nor can they have their own independent transaction scope.","This should never be done when the content can be identified properly, as once identification is lost, it is extremely difficult (and context dependent) to restore it again. Contained resources may have profiles and tags In their meta elements, but SHALL NOT have security labels.","","","","","","","","",,,,,"",,,,"DomainResource.contained",0,*,"","","N/A"
"Basic.extension","Basic.extension","","","",3,*,"","","","Extension {[]} {[]}
","Extension","An Extension","","","","","","","","","",,,,,"","value:url}
","",,"open","DomainResource.extension",0,*,"","ele-1:All FHIR elements must have a @value or children {hasValue() or (children().count() > id.count())}
ext-1:Must have either extensions or value[x], not both {extension.exists() != value.exists()}"
"Basic.extension:instantiatesCanonical","Basic.extension","instantiatesCanonical","","",0,1,"","","","Extension {[CanonicalType[http://hl7.org/fhir/5.0/StructureDefinition/extension-Transport.instantiatesCanonical|0.1.0]]} {[]}
","R5: Formal definition of transport (new)","R5: `Transport.instantiatesCanonical` (new:canonical(ActivityDefinition))","Element `Transport.instantiatesCanonical` is not mapped to FHIR R4, since FHIR R5 `Transport` is not mapped.
Element `Transport.instantiatesCanonical` has no mapping targets in FHIR R4. Typically, this is because the element has been added (is a new element).","","","","","","","","",,,,,"",,,,"DomainResource.extension",0,*,"ele-1
","ele-1:All FHIR elements must have a @value or children {hasValue() or (children().count() > id.count())}
ext-1:Must have either extensions or value[x], not both {extension.exists() != value.exists()}"
"Basic.extension:instantiatesUri","Basic.extension","instantiatesUri","","",0,1,"","","","Extension {[CanonicalType[http://hl7.org/fhir/5.0/StructureDefinition/extension-Transport.instantiatesUri|0.1.0]]} {[]}
","R5: Formal definition of transport (new)","R5: `Transport.instantiatesUri` (new:uri)","Element `Transport.instantiatesUri` is not mapped to FHIR R4, since FHIR R5 `Transport` is not mapped.
Element `Transport.instantiatesUri` has no mapping targets in FHIR R4. Typically, this is because the element has been added (is a new element).","","","","","","","","",,,,,"",,,,"DomainResource.extension",0,*,"ele-1
","ele-1:All FHIR elements must have a @value or children {hasValue() or (children().count() > id.count())}
ext-1:Must have either extensions or value[x], not both {extension.exists() != value.exists()}"
"Basic.extension:basedOn","Basic.extension","basedOn","","",0,*,"","","","Extension {[CanonicalType[http://hl7.org/fhir/5.0/StructureDefinition/extension-Transport.basedOn|0.1.0]]} {[]}
","R5: Request fulfilled by this transport (new)","R5: `Transport.basedOn` (new:Reference(Resource))","Element `Transport.basedOn` is not mapped to FHIR R4, since FHIR R5 `Transport` is not mapped.
Element `Transport.basedOn` has no mapping targets in FHIR R4. Typically, this is because the element has been added (is a new element).","","","","","","","","",,,,,"",,,,"DomainResource.extension",0,*,"ele-1
","ele-1:All FHIR elements must have a @value or children {hasValue() or (children().count() > id.count())}
ext-1:Must have either extensions or value[x], not both {extension.exists() != value.exists()}"
"Basic.extension:groupIdentifier","Basic.extension","groupIdentifier","","",0,1,"","","","Extension {[CanonicalType[http://hl7.org/fhir/5.0/StructureDefinition/extension-Transport.groupIdentifier|0.1.0]]} {[]}
","R5: Requisition or grouper id (new)","R5: `Transport.groupIdentifier` (new:Identifier)","Element `Transport.groupIdentifier` is not mapped to FHIR R4, since FHIR R5 `Transport` is not mapped.
Element `Transport.groupIdentifier` has no mapping targets in FHIR R4. Typically, this is because the element has been added (is a new element).","","","","","","","","",,,,,"",,,,"DomainResource.extension",0,*,"ele-1
","ele-1:All FHIR elements must have a @value or children {hasValue() or (children().count() > id.count())}
ext-1:Must have either extensions or value[x], not both {extension.exists() != value.exists()}"
"Basic.extension:partOf","Basic.extension","partOf","","",0,*,"","","","Extension {[CanonicalType[http://hl7.org/fhir/5.0/StructureDefinition/extension-Transport.partOf|0.1.0]]} {[]}
","R5: Part of referenced event (new)","R5: `Transport.partOf` (new:Reference(Transport))","Element `Transport.partOf` is not mapped to FHIR R4, since FHIR R5 `Transport` is not mapped.
Element `Transport.partOf` has no mapping targets in FHIR R4. Typically, this is because the element has been added (is a new element).
Not to be used to link an event to an Encounter - use Event.context for that.[The allowed reference resources may be adjusted as appropriate for the event resource].","","","","","","","","",,,,,"",,,,"DomainResource.extension",0,*,"ele-1
","ele-1:All FHIR elements must have a @value or children {hasValue() or (children().count() > id.count())}
ext-1:Must have either extensions or value[x], not both {extension.exists() != value.exists()}"
"Basic.extension:statusReason","Basic.extension","statusReason","","",0,1,"","","","Extension {[CanonicalType[http://hl7.org/fhir/5.0/StructureDefinition/extension-Transport.statusReason|0.1.0]]} {[]}
","R5: Reason for current status (new)","R5: `Transport.statusReason` (new:CodeableConcept)","Element `Transport.statusReason` is not mapped to FHIR R4, since FHIR R5 `Transport` is not mapped.
Element `Transport.statusReason` has no mapping targets in FHIR R4. Typically, this is because the element has been added (is a new element).
This applies to the current status.  Look at the history of the transport to see reasons for past statuses.","","","","","","","","",,,,,"",,,,"DomainResource.extension",0,*,"ele-1
","ele-1:All FHIR elements must have a @value or children {hasValue() or (children().count() > id.count())}
ext-1:Must have either extensions or value[x], not both {extension.exists() != value.exists()}"
"Basic.extension:intent","Basic.extension","intent","","",1,1,"","","","Extension {[CanonicalType[http://hl7.org/fhir/5.0/StructureDefinition/extension-Transport.intent|0.1.0]]} {[]}
","R5: unknown | proposal | plan | order | original-order | reflex-order | filler-order | instance-order | option (new)","R5: `Transport.intent` (new:code)","Element `Transport.intent` is not mapped to FHIR R4, since FHIR R5 `Transport` is not mapped.
Element `Transport.intent` has no mapping targets in FHIR R4. Typically, this is because the element has been added (is a new element).
This element is immutable.  Proposed transports, planned transports, etc. must be distinct instances.

In most cases, Transports will have an intent of ""order"".","","","","","","","","",,,,,"",,,,"DomainResource.extension",0,*,"ele-1
","ele-1:All FHIR elements must have a @value or children {hasValue() or (children().count() > id.count())}
ext-1:Must have either extensions or value[x], not both {extension.exists() != value.exists()}"
"Basic.extension:priority","Basic.extension","priority","","",0,1,"","","","Extension {[CanonicalType[http://hl7.org/fhir/5.0/StructureDefinition/extension-Transport.priority|0.1.0]]} {[]}
","R5: routine | urgent | asap | stat (new)","R5: `Transport.priority` (new:code)","Element `Transport.priority` is not mapped to FHIR R4, since FHIR R5 `Transport` is not mapped.
Element `Transport.priority` has no mapping targets in FHIR R4. Typically, this is because the element has been added (is a new element).","","","","","","","","",,,,,"",,,,"DomainResource.extension",0,*,"ele-1
","ele-1:All FHIR elements must have a @value or children {hasValue() or (children().count() > id.count())}
ext-1:Must have either extensions or value[x], not both {extension.exists() != value.exists()}"
"Basic.extension:code","Basic.extension","code","","",0,1,"","","","Extension {[CanonicalType[http://hl7.org/fhir/5.0/StructureDefinition/extension-Transport.code|0.1.0]]} {[]}
","R5: Transport Type (new)","R5: `Transport.code` (new:CodeableConcept)","Element `Transport.code` is not mapped to FHIR R4, since FHIR R5 `Transport` is not mapped.
Element `Transport.code` has no mapping targets in FHIR R4. Typically, this is because the element has been added (is a new element).
The title (eg ""My Transports"", ""Outstanding Transports for Patient X"") should go into the code.","","","","","","","","",,,,,"",,,,"DomainResource.extension",0,*,"ele-1
","ele-1:All FHIR elements must have a @value or children {hasValue() or (children().count() > id.count())}
ext-1:Must have either extensions or value[x], not both {extension.exists() != value.exists()}"
"Basic.extension:description","Basic.extension","description","","",0,1,"","","","Extension {[CanonicalType[http://hl7.org/fhir/5.0/StructureDefinition/extension-Transport.description|0.1.0]]} {[]}
","R5: Human-readable explanation of transport (new)","R5: `Transport.description` (new:string)","Element `Transport.description` is not mapped to FHIR R4, since FHIR R5 `Transport` is not mapped.
Element `Transport.description` has no mapping targets in FHIR R4. Typically, this is because the element has been added (is a new element).","","","","","","","","",,,,,"",,,,"DomainResource.extension",0,*,"ele-1
","ele-1:All FHIR elements must have a @value or children {hasValue() or (children().count() > id.count())}
ext-1:Must have either extensions or value[x], not both {extension.exists() != value.exists()}"
"Basic.extension:focus","Basic.extension","focus","","",0,1,"","","","Extension {[CanonicalType[http://hl7.org/fhir/5.0/StructureDefinition/extension-Transport.focus|0.1.0]]} {[]}
","R5: What transport is acting on (new)","R5: `Transport.focus` (new:Reference(Resource))","Element `Transport.focus` is not mapped to FHIR R4, since FHIR R5 `Transport` is not mapped.
Element `Transport.focus` has no mapping targets in FHIR R4. Typically, this is because the element has been added (is a new element).
If multiple resources need to be manipulated, use sub-transports.  (This ensures that status can be tracked independently for each referenced resource.).","","","","","","","","",,,,,"",,,,"DomainResource.extension",0,*,"ele-1
","ele-1:All FHIR elements must have a @value or children {hasValue() or (children().count() > id.count())}
ext-1:Must have either extensions or value[x], not both {extension.exists() != value.exists()}"
"Basic.extension:for","Basic.extension","for","","",0,1,"","","","Extension {[CanonicalType[http://hl7.org/fhir/5.0/StructureDefinition/extension-Transport.for|0.1.0]]} {[]}
","R5: Beneficiary of the Transport (new)","R5: `Transport.for` (new:Reference(Resource))","Element `Transport.for` is not mapped to FHIR R4, since FHIR R5 `Transport` is not mapped.
Element `Transport.for` has no mapping targets in FHIR R4. Typically, this is because the element has been added (is a new element).","","","","","","","","",,,,,"",,,,"DomainResource.extension",0,*,"ele-1
","ele-1:All FHIR elements must have a @value or children {hasValue() or (children().count() > id.count())}
ext-1:Must have either extensions or value[x], not both {extension.exists() != value.exists()}"
"Basic.extension:encounter","Basic.extension","encounter","","",0,1,"","","","Extension {[CanonicalType[http://hl7.org/fhir/5.0/StructureDefinition/extension-Transport.encounter|0.1.0]]} {[]}
","R5: Healthcare event during which this transport originated (new)","R5: `Transport.encounter` (new:Reference(Encounter))","Element `Transport.encounter` is not mapped to FHIR R4, since FHIR R5 `Transport` is not mapped.
Element `Transport.encounter` has no mapping targets in FHIR R4. Typically, this is because the element has been added (is a new element).","","","","","","","","",,,,,"",,,,"DomainResource.extension",0,*,"ele-1
","ele-1:All FHIR elements must have a @value or children {hasValue() or (children().count() > id.count())}
ext-1:Must have either extensions or value[x], not both {extension.exists() != value.exists()}"
"Basic.extension:completionTime","Basic.extension","completionTime","","",0,1,"","","","Extension {[CanonicalType[http://hl7.org/fhir/5.0/StructureDefinition/extension-Transport.completionTime|0.1.0]]} {[]}
","R5: Completion time of the event (the occurrence) (new)","R5: `Transport.completionTime` (new:dateTime)","Element `Transport.completionTime` is not mapped to FHIR R4, since FHIR R5 `Transport` is not mapped.
Element `Transport.completionTime` has no mapping targets in FHIR R4. Typically, this is because the element has been added (is a new element).","","","","","","","","",,,,,"",,,,"DomainResource.extension",0,*,"ele-1
","ele-1:All FHIR elements must have a @value or children {hasValue() or (children().count() > id.count())}
ext-1:Must have either extensions or value[x], not both {extension.exists() != value.exists()}"
"Basic.extension:authoredOn","Basic.extension","authoredOn","","",0,1,"","","","Extension {[CanonicalType[http://hl7.org/fhir/5.0/StructureDefinition/extension-Transport.authoredOn|0.1.0]]} {[]}
","R5: Transport Creation Date (new)","R5: `Transport.authoredOn` (new:dateTime)","Element `Transport.authoredOn` is not mapped to FHIR R4, since FHIR R5 `Transport` is not mapped.
Element `Transport.authoredOn` has no mapping targets in FHIR R4. Typically, this is because the element has been added (is a new element).","","","","","","","","",,,,,"",,,,"DomainResource.extension",0,*,"ele-1
","ele-1:All FHIR elements must have a @value or children {hasValue() or (children().count() > id.count())}
ext-1:Must have either extensions or value[x], not both {extension.exists() != value.exists()}"
"Basic.extension:lastModified","Basic.extension","lastModified","","",0,1,"","","","Extension {[CanonicalType[http://hl7.org/fhir/5.0/StructureDefinition/extension-Transport.lastModified|0.1.0]]} {[]}
","R5: Transport Last Modified Date (new)","R5: `Transport.lastModified` (new:dateTime)","Element `Transport.lastModified` is not mapped to FHIR R4, since FHIR R5 `Transport` is not mapped.
Element `Transport.lastModified` has no mapping targets in FHIR R4. Typically, this is because the element has been added (is a new element).","","","","","","","","",,,,,"",,,,"DomainResource.extension",0,*,"ele-1
","ele-1:All FHIR elements must have a @value or children {hasValue() or (children().count() > id.count())}
ext-1:Must have either extensions or value[x], not both {extension.exists() != value.exists()}"
"Basic.extension:requester","Basic.extension","requester","","",0,1,"","","","Extension {[CanonicalType[http://hl7.org/fhir/5.0/StructureDefinition/extension-Transport.requester|0.1.0]]} {[]}
","R5: Who is asking for transport to be done (new)","R5: `Transport.requester` (new:Reference(Device,Organization,Patient,Practitioner,PractitionerRole,RelatedPerson))","Element `Transport.requester` is not mapped to FHIR R4, since FHIR R5 `Transport` is not mapped.
Element `Transport.requester` has no mapping targets in FHIR R4. Typically, this is because the element has been added (is a new element).","","","","","","","","",,,,,"",,,,"DomainResource.extension",0,*,"ele-1
","ele-1:All FHIR elements must have a @value or children {hasValue() or (children().count() > id.count())}
ext-1:Must have either extensions or value[x], not both {extension.exists() != value.exists()}"
"Basic.extension:performerType","Basic.extension","performerType","","",0,*,"","","","Extension {[CanonicalType[http://hl7.org/fhir/5.0/StructureDefinition/extension-Transport.performerType|0.1.0]]} {[]}
","R5: Requested performer (new)","R5: `Transport.performerType` (new:CodeableConcept)","Element `Transport.performerType` is not mapped to FHIR R4, since FHIR R5 `Transport` is not mapped.
Element `Transport.performerType` has no mapping targets in FHIR R4. Typically, this is because the element has been added (is a new element).","","","","","","","","",,,,,"",,,,"DomainResource.extension",0,*,"ele-1
","ele-1:All FHIR elements must have a @value or children {hasValue() or (children().count() > id.count())}
ext-1:Must have either extensions or value[x], not both {extension.exists() != value.exists()}"
"Basic.extension:owner","Basic.extension","owner","","",0,1,"","","","Extension {[CanonicalType[http://hl7.org/fhir/5.0/StructureDefinition/extension-Transport.owner|0.1.0]]} {[]}
","R5: Responsible individual (new)","R5: `Transport.owner` (new:Reference(Practitioner,PractitionerRole,Organization,CareTeam,HealthcareService,Patient,Device,RelatedPerson))","Element `Transport.owner` is not mapped to FHIR R4, since FHIR R5 `Transport` is not mapped.
Element `Transport.owner` has no mapping targets in FHIR R4. Typically, this is because the element has been added (is a new element).
Transports may be created with an owner not yet identified.","","","","","","","","",,,,,"",,,,"DomainResource.extension",0,*,"ele-1
","ele-1:All FHIR elements must have a @value or children {hasValue() or (children().count() > id.count())}
ext-1:Must have either extensions or value[x], not both {extension.exists() != value.exists()}"
"Basic.extension:location","Basic.extension","location","","",0,1,"","","","Extension {[CanonicalType[http://hl7.org/fhir/5.0/StructureDefinition/extension-Transport.location|0.1.0]]} {[]}
","R5: Where transport occurs (new)","R5: `Transport.location` (new:Reference(Location))","Element `Transport.location` is not mapped to FHIR R4, since FHIR R5 `Transport` is not mapped.
Element `Transport.location` has no mapping targets in FHIR R4. Typically, this is because the element has been added (is a new element).","","","","","","","","",,,,,"",,,,"DomainResource.extension",0,*,"ele-1
","ele-1:All FHIR elements must have a @value or children {hasValue() or (children().count() > id.count())}
ext-1:Must have either extensions or value[x], not both {extension.exists() != value.exists()}"
"Basic.extension:insurance","Basic.extension","insurance","","",0,*,"","","","Extension {[CanonicalType[http://hl7.org/fhir/5.0/StructureDefinition/extension-Transport.insurance|0.1.0]]} {[]}
","R5: Associated insurance coverage (new)","R5: `Transport.insurance` (new:Reference(Coverage,ClaimResponse))","Element `Transport.insurance` is not mapped to FHIR R4, since FHIR R5 `Transport` is not mapped.
Element `Transport.insurance` has no mapping targets in FHIR R4. Typically, this is because the element has been added (is a new element).","","","","","","","","",,,,,"",,,,"DomainResource.extension",0,*,"ele-1
","ele-1:All FHIR elements must have a @value or children {hasValue() or (children().count() > id.count())}
ext-1:Must have either extensions or value[x], not both {extension.exists() != value.exists()}"
"Basic.extension:note","Basic.extension","note","","",0,*,"","","","Extension {[CanonicalType[http://hl7.org/fhir/5.0/StructureDefinition/extension-Transport.note|0.1.0]]} {[]}
","R5: Comments made about the transport (new)","R5: `Transport.note` (new:Annotation)","Element `Transport.note` is not mapped to FHIR R4, since FHIR R5 `Transport` is not mapped.
Element `Transport.note` has no mapping targets in FHIR R4. Typically, this is because the element has been added (is a new element).","","","","","","","","",,,,,"",,,,"DomainResource.extension",0,*,"ele-1
","ele-1:All FHIR elements must have a @value or children {hasValue() or (children().count() > id.count())}
ext-1:Must have either extensions or value[x], not both {extension.exists() != value.exists()}"
"Basic.extension:relevantHistory","Basic.extension","relevantHistory","","",0,*,"","","","Extension {[CanonicalType[http://hl7.org/fhir/5.0/StructureDefinition/extension-Transport.relevantHistory|0.1.0]]} {[]}
","R5: Key events in history of the Transport (new)","R5: `Transport.relevantHistory` (new:Reference(Provenance))","Element `Transport.relevantHistory` is not mapped to FHIR R4, since FHIR R5 `Transport` is not mapped.
Element `Transport.relevantHistory` has no mapping targets in FHIR R4. Typically, this is because the element has been added (is a new element).
This element does not point to the Provenance associated with the *current* version of the resource - as it would be created after this version existed.  The Provenance for the current version can be retrieved with a _revinclude.","","","","","","","","",,,,,"",,,,"DomainResource.extension",0,*,"ele-1
","ele-1:All FHIR elements must have a @value or children {hasValue() or (children().count() > id.count())}
ext-1:Must have either extensions or value[x], not both {extension.exists() != value.exists()}"
"Basic.extension:restriction","Basic.extension","restriction","","",0,1,"","","","Extension {[CanonicalType[http://hl7.org/fhir/5.0/StructureDefinition/extension-Transport.restriction|0.1.0]]} {[]}
","R5: Constraints on fulfillment transports (new)","R5: `Transport.restriction` (new:BackboneElement)","Element `Transport.restriction` is not mapped to FHIR R4, since FHIR R5 `Transport` is not mapped.
Element `Transport.restriction` has no mapping targets in FHIR R4. Typically, this is because the element has been added (is a new element).","","","","","","","","",,,,,"",,,,"DomainResource.extension",0,*,"ele-1
","ele-1:All FHIR elements must have a @value or children {hasValue() or (children().count() > id.count())}
ext-1:Must have either extensions or value[x], not both {extension.exists() != value.exists()}"
"Basic.extension:input","Basic.extension","input","","",0,*,"","","","Extension {[CanonicalType[http://hl7.org/fhir/5.0/StructureDefinition/extension-Transport.input|0.1.0]]} {[]}
","R5: Information used to perform transport (new)","R5: `Transport.input` (new:BackboneElement)","Element `Transport.input` is not mapped to FHIR R4, since FHIR R5 `Transport` is not mapped.
Element `Transport.input` has no mapping targets in FHIR R4. Typically, this is because the element has been added (is a new element).","","","","","","","","",,,,,"",,,,"DomainResource.extension",0,*,"ele-1
","ele-1:All FHIR elements must have a @value or children {hasValue() or (children().count() > id.count())}
ext-1:Must have either extensions or value[x], not both {extension.exists() != value.exists()}"
"Basic.extension:output","Basic.extension","output","","",0,*,"","","","Extension {[CanonicalType[http://hl7.org/fhir/5.0/StructureDefinition/extension-Transport.output|0.1.0]]} {[]}
","R5: Information produced as part of transport (new)","R5: `Transport.output` (new:BackboneElement)","Element `Transport.output` is not mapped to FHIR R4, since FHIR R5 `Transport` is not mapped.
Element `Transport.output` has no mapping targets in FHIR R4. Typically, this is because the element has been added (is a new element).","","","","","","","","",,,,,"",,,,"DomainResource.extension",0,*,"ele-1
","ele-1:All FHIR elements must have a @value or children {hasValue() or (children().count() > id.count())}
ext-1:Must have either extensions or value[x], not both {extension.exists() != value.exists()}"
"Basic.extension:requestedLocation","Basic.extension","requestedLocation","","",1,1,"","","","Extension {[CanonicalType[http://hl7.org/fhir/5.0/StructureDefinition/extension-Transport.requestedLocation|0.1.0]]} {[]}
","R5: The desired location (new)","R5: `Transport.requestedLocation` (new:Reference(Location))","Element `Transport.requestedLocation` is not mapped to FHIR R4, since FHIR R5 `Transport` is not mapped.
Element `Transport.requestedLocation` has no mapping targets in FHIR R4. Typically, this is because the element has been added (is a new element).","","","","","","","","",,,,,"",,,,"DomainResource.extension",0,*,"ele-1
","ele-1:All FHIR elements must have a @value or children {hasValue() or (children().count() > id.count())}
ext-1:Must have either extensions or value[x], not both {extension.exists() != value.exists()}"
"Basic.extension:currentLocation","Basic.extension","currentLocation","","",1,1,"","","","Extension {[CanonicalType[http://hl7.org/fhir/5.0/StructureDefinition/extension-Transport.currentLocation|0.1.0]]} {[]}
","R5: The entity current location (new)","R5: `Transport.currentLocation` (new:Reference(Location))","Element `Transport.currentLocation` is not mapped to FHIR R4, since FHIR R5 `Transport` is not mapped.
Element `Transport.currentLocation` has no mapping targets in FHIR R4. Typically, this is because the element has been added (is a new element).","","","","","","","","",,,,,"",,,,"DomainResource.extension",0,*,"ele-1
","ele-1:All FHIR elements must have a @value or children {hasValue() or (children().count() > id.count())}
ext-1:Must have either extensions or value[x], not both {extension.exists() != value.exists()}"
"Basic.extension:reason","Basic.extension","reason","","",0,1,"","","","Extension {[CanonicalType[http://hl7.org/fhir/5.0/StructureDefinition/extension-Transport.reason|0.1.0]]} {[]}
","R5: Why transport is needed (new)","R5: `Transport.reason` (new:CodeableReference(Resource))","Element `Transport.reason` is not mapped to FHIR R4, since FHIR R5 `Transport` is not mapped.
Element `Transport.reason` has no mapping targets in FHIR R4. Typically, this is because the element has been added (is a new element).
Transports might be justified based on an Observation, a Condition, a past or planned procedure, etc. This should only be included if there is no focus or if it differs from the reason indicated on the focus.    Use the CodeableConcept text element in `Transport.reasonCode` if the data is free (uncoded) text.","","","","","","","","",,,,,"",,,,"DomainResource.extension",0,*,"ele-1
","ele-1:All FHIR elements must have a @value or children {hasValue() or (children().count() > id.count())}
ext-1:Must have either extensions or value[x], not both {extension.exists() != value.exists()}"
"Basic.extension:history","Basic.extension","history","","",0,1,"","","","Extension {[CanonicalType[http://hl7.org/fhir/5.0/StructureDefinition/extension-Transport.history|0.1.0]]} {[]}
","R5: Parent (or preceding) transport (new)","R5: `Transport.history` (new:Reference(Transport))","Element `Transport.history` is not mapped to FHIR R4, since FHIR R5 `Transport` is not mapped.
Element `Transport.history` has no mapping targets in FHIR R4. Typically, this is because the element has been added (is a new element).","","","","","","","","",,,,,"",,,,"DomainResource.extension",0,*,"ele-1
","ele-1:All FHIR elements must have a @value or children {hasValue() or (children().count() > id.count())}
ext-1:Must have either extensions or value[x], not both {extension.exists() != value.exists()}"
"Basic.modifierExtension","Basic.modifierExtension","","","",0,*,"","Y","","Extension {[]} {[]}
","Extension","An Extension","","","","","","","","","",,,,,"","value:url}
","",,"open","DomainResource.modifierExtension",0,*,"","ele-1:All FHIR elements must have a @value or children {hasValue() or (children().count() > id.count())}
ext-1:Must have either extensions or value[x], not both {extension.exists() != value.exists()}"
"Basic.modifierExtension:status","Basic.modifierExtension","status","","",0,1,"","Y","","Extension {[CanonicalType[http://hl7.org/fhir/5.0/StructureDefinition/extension-Transport.status|0.1.0]]} {[]}
","R5: in-progress | completed | abandoned | cancelled | planned | entered-in-error (new)","R5: `Transport.status` (new:code)","Element `Transport.status` is not mapped to FHIR R4, since FHIR R5 `Transport` is not mapped.
Element `Transport.status` has no mapping targets in FHIR R4. Typically, this is because the element has been added (is a new element).","","","","","","","","",,,,,"",,,,"DomainResource.modifierExtension",0,*,"ele-1
","ele-1:All FHIR elements must have a @value or children {hasValue() or (children().count() > id.count())}
ext-1:Must have either extensions or value[x], not both {extension.exists() != value.exists()}"
"Basic.identifier","Basic.identifier","","","",0,*,"","","Y","Identifier {[]} {[]}
","Business identifier","Identifier assigned to the resource for business purposes, outside the context of FHIR.","","","","","","","","","",,,,,"",,,,"Basic.identifier",0,*,"","ele-1:All FHIR elements must have a @value or children {hasValue() or (children().count() > id.count())}
","./identifier","FiveWs.identifier"
"Basic.code","Basic.code","","","",1,1,"","Y","Y","CodeableConcept {[]} {[]}
","Kind of Resource","Identifies the 'type' of resource - equivalent to the resource name for other resources.","Because resource references will only be able to indicate 'Basic', the type of reference will need to be specified in a Profile identified as part of the resource.  Refer to the resource notes section for information on appropriate terminologies for this code.

This element is labeled as a modifier because it defines the meaning of the resource and cannot be ignored.","Must be able to distinguish different types of Basic resources.","","","","","","","",,"example","Codes for identifying types of resources not yet defined by FHIR.","http://hl7.org/fhir/ValueSet/basic-resource-type|4.0.1","",,,,"Basic.code",1,1,"","ele-1:All FHIR elements must have a @value or children {hasValue() or (children().count() > id.count())}
","./code","FiveWs.what[x]"
"Basic.subject","Basic.subject","","","",0,1,"","","Y","Reference {[]} {[CanonicalType[http://hl7.org/fhir/StructureDefinition/Resource|4.0.1]]}
","Identifies the focus of this resource","Identifies the patient, practitioner, device or any other resource that is the ""focus"" of this resource.","Optional as not all potential resources will have subjects.  Resources associated with multiple subjects can handle this via extension.","Needed for partitioning the resource by Patient.","","","","","","","",,,,,"",,,,"Basic.subject",0,1,"","ele-1:All FHIR elements must have a @value or children {hasValue() or (children().count() > id.count())}
","./participation[typeCode='SBJ'] (possibly through a ControlAct and Role)","FiveWs.subject[x]","FiveWs.subject"
"Basic.created","Basic.created","","","",0,1,"","","Y","date {[]} {[]}
","When created","Identifies when the resource was first created.","","Allows ordering resource instances by time.","","","","","","","",,,,,"",,,,"Basic.created",0,1,"","ele-1:All FHIR elements must have a @value or children {hasValue() or (children().count() > id.count())}
","./participation[typeCode='AUT']/time (possibly through a ControlAct and Role)","FiveWs.recorded"
"Basic.author","Basic.author","","","",0,1,"","","Y","Reference {[]} {[CanonicalType[http://hl7.org/fhir/StructureDefinition/Practitioner|4.0.1], CanonicalType[http://hl7.org/fhir/StructureDefinition/PractitionerRole|4.0.1], CanonicalType[http://hl7.org/fhir/StructureDefinition/Patient|4.0.1], CanonicalType[http://hl7.org/fhir/StructureDefinition/RelatedPerson|4.0.1], CanonicalType[http://hl7.org/fhir/StructureDefinition/Organization|4.0.1]]}
","Who created","Indicates who was responsible for creating the resource instance.","","Needed for partitioning the resource.","","","","","","","",,,,,"",,,,"Basic.author",0,1,"","ele-1:All FHIR elements must have a @value or children {hasValue() or (children().count() > id.count())}
","./participation[typeCode='SUB'] (possibly through a ControlAct and Role)","FiveWs.author"
