"Id","Path","Slice Name","Alias(s)","Label","Min","Max","Must Support?","Is Modifier?","Is Summary?","Type(s)","Short","Definition","Comments","Requirements","Default Value","Meaning When Missing","Fixed Value","Pattern","Example","Minimum Value","Maximum Value","Maximum Length","Binding Strength","Binding Description","Binding Value Set","Code","Slicing Discriminator","Slicing Description","Slicing Ordered","Slicing Rules","Base Path","Base Min","Base Max","Condition(s)","Constraint(s)","Mapping: RIM Mapping","Mapping: FiveWs Pattern Mapping"
"Basic","Basic","","Z-resource
Extension-resourceCustom-resource","",0,*,"","","","null {[]} {[]}
","Resource for non-supported content","Basic is used for handling concepts not yet defined in FHIR, narrative-only resources that don't map to an existing resource, and custom resources not appropriate for inclusion in the FHIR specification.","","","","","","","","","",,,,,"",,,,"Basic",0,*,"","dom-2:If the resource is contained in another resource, it SHALL NOT contain nested Resources {contained.contained.empty()}
dom-3:If the resource is contained in another resource, it SHALL be referred to from elsewhere in the resource or SHALL refer to the containing resource {contained.where((('#'+id in (%resource.descendants().reference | %resource.descendants().as(canonical) | %resource.descendants().as(uri) | %resource.descendants().as(url))) or descendants().where(reference = '#').exists() or descendants().where(as(canonical) = '#').exists() or descendants().where(as(canonical) = '#').exists()).not()).trace('unmatched', id).empty()}dom-4:If a resource is contained in another resource, it SHALL NOT have a meta.versionId or a meta.lastUpdated {contained.meta.versionId.empty() and contained.meta.lastUpdated.empty()}dom-5:If a resource is contained in another resource, it SHALL NOT have a security label {contained.meta.security.empty()}dom-6:A resource should have narrative for robust management {text.`div`.exists()}","Entity. Role, or Act","Act, Entity or Role"
"Basic.id","Basic.id","","","",0,1,"","","Y","id {[]} {[]}
","Logical id of this artifact","The logical id of the resource, as used in the URL for the resource. Once assigned, this value never changes.","The only time that a resource does not have an id is when it is being submitted to the server using a create operation.","","","","","","","","",,,,,"",,,,"Resource.id",0,1,"",""
"Basic.meta","Basic.meta","","","",0,1,"","","Y","Meta {[]} {[]}
","Metadata about the resource","The metadata about the resource. This is content that is maintained by the infrastructure. Changes to the content might not always be associated with version changes to the resource.","","","","","","","","","",,,,,"",,,,"Resource.meta",0,1,"","ele-1:All FHIR elements must have a @value or children {hasValue() or (children().count() > id.count())}
"
"Basic.implicitRules","Basic.implicitRules","","","",0,1,"","Y","Y","uri {[]} {[]}
","A set of rules under which this content was created","A reference to a set of rules that were followed when the resource was constructed, and which must be understood when processing the content. Often, this is a reference to an implementation guide that defines the special rules along with other profiles etc.","Asserting this rule set restricts the content to be only understood by a limited set of trading partners. This inherently limits the usefulness of the data in the long term. However, the existing health eco-system is highly fractured, and not yet ready to define, collect, and exchange data in a generally computable sense. Wherever possible, implementers and/or specification writers should avoid using this element. Often, when used, the URL is a reference to an implementation guide that defines these special rules as part of it's narrative along with other profiles, value sets, etc.","","","","","","","","",,,,,"",,,,"Resource.implicitRules",0,1,"","ele-1:All FHIR elements must have a @value or children {hasValue() or (children().count() > id.count())}
"
"Basic.language","Basic.language","","","",0,1,"","","","code {[]} {[]}
","Language of the resource content","The base language in which the resource is written.","Language is provided to support indexing and accessibility (typically, services such as text to speech use the language tag). The html language tag in the narrative applies  to the narrative. The language tag on the resource may be used to specify the language of other presentations generated from the data in the resource. Not all the content has to be in the base language. The Resource.language should not be assumed to apply to the narrative automatically. If a language is specified, it should it also be specified on the div element in the html (see rules in HTML5 for information about the relationship between xml:lang and the html lang attribute).","","","","","","","","",,"preferred","A human language.","http://hl7.org/fhir/ValueSet/languages|4.0.1","",,,,"Resource.language",0,1,"","ele-1:All FHIR elements must have a @value or children {hasValue() or (children().count() > id.count())}
"
"Basic.text","Basic.text","","narrative
htmlxhtmldisplay","",0,1,"","","","Narrative {[]} {[]}
","Text summary of the resource, for human interpretation","A human-readable narrative that contains a summary of the resource and can be used to represent the content of the resource to a human. The narrative need not encode all the structured data, but is required to contain sufficient detail to make it ""clinically safe"" for a human to just read the narrative. Resource definitions may define what content should be represented in the narrative to ensure clinical safety.","Contained resources do not have narrative. Resources that are not contained SHOULD have a narrative. In some cases, a resource may only have text with little or no additional discrete data (as long as all minOccurs=1 elements are satisfied).  This may be necessary for data from legacy systems where information is captured as a ""text blob"" or where text is additionally entered raw or narrated and encoded information is added later.","","","","","","","","",,,,,"",,,,"DomainResource.text",0,1,"","ele-1:All FHIR elements must have a @value or children {hasValue() or (children().count() > id.count())}
","Act.text?"
"Basic.contained","Basic.contained","","inline resources
anonymous resourcescontained resources","",0,*,"","","","Resource {[]} {[]}
","Contained, inline Resources","These resources do not have an independent existence apart from the resource that contains them - they cannot be identified independently, and nor can they have their own independent transaction scope.","This should never be done when the content can be identified properly, as once identification is lost, it is extremely difficult (and context dependent) to restore it again. Contained resources may have profiles and tags In their meta elements, but SHALL NOT have security labels.","","","","","","","","",,,,,"",,,,"DomainResource.contained",0,*,"","","N/A"
"Basic.extension","Basic.extension","","","",0,*,"","","","Extension {[]} {[]}
","Extension","An Extension","","","","","","","","","",,,,,"","value:url}
","",,"open","DomainResource.extension",0,*,"","ele-1:All FHIR elements must have a @value or children {hasValue() or (children().count() > id.count())}
ext-1:Must have either extensions or value[x], not both {extension.exists() != value.exists()}"
"Basic.extension:sourceMaterialClass","Basic.extension","sourceMaterialClass","","",0,1,"","","","Extension {[CanonicalType[http://hl7.org/fhir/5.0/StructureDefinition/extension-SubstanceSourceMaterial.sourceMaterialClass|0.1.0]]} {[]}
","R5: General high level classification of the source material specific to the origin of the material (new)","R5: `SubstanceSourceMaterial.sourceMaterialClass` (new:CodeableConcept)","Element `SubstanceSourceMaterial.sourceMaterialClass` is not mapped to FHIR R4, since FHIR R5 `SubstanceSourceMaterial` is not mapped.
Element `SubstanceSourceMaterial.sourceMaterialClass` has no mapping targets in FHIR R4. Typically, this is because the element has been added (is a new element).","","","","","","","","",,,,,"",,,,"DomainResource.extension",0,*,"ele-1
","ele-1:All FHIR elements must have a @value or children {hasValue() or (children().count() > id.count())}
ext-1:Must have either extensions or value[x], not both {extension.exists() != value.exists()}"
"Basic.extension:sourceMaterialType","Basic.extension","sourceMaterialType","","",0,1,"","","","Extension {[CanonicalType[http://hl7.org/fhir/5.0/StructureDefinition/extension-SubstanceSourceMaterial.sourceMaterialType|0.1.0]]} {[]}
","R5: The type of the source material shall be specified based on a controlled vocabulary. For vaccines, this subclause refers to the class of infectious agent (new)","R5: `SubstanceSourceMaterial.sourceMaterialType` (new:CodeableConcept)","Element `SubstanceSourceMaterial.sourceMaterialType` is not mapped to FHIR R4, since FHIR R5 `SubstanceSourceMaterial` is not mapped.
Element `SubstanceSourceMaterial.sourceMaterialType` has no mapping targets in FHIR R4. Typically, this is because the element has been added (is a new element).","","","","","","","","",,,,,"",,,,"DomainResource.extension",0,*,"ele-1
","ele-1:All FHIR elements must have a @value or children {hasValue() or (children().count() > id.count())}
ext-1:Must have either extensions or value[x], not both {extension.exists() != value.exists()}"
"Basic.extension:sourceMaterialState","Basic.extension","sourceMaterialState","","",0,1,"","","","Extension {[CanonicalType[http://hl7.org/fhir/5.0/StructureDefinition/extension-SubstanceSourceMaterial.sourceMaterialState|0.1.0]]} {[]}
","R5: The state of the source material when extracted (new)","R5: `SubstanceSourceMaterial.sourceMaterialState` (new:CodeableConcept)","Element `SubstanceSourceMaterial.sourceMaterialState` is not mapped to FHIR R4, since FHIR R5 `SubstanceSourceMaterial` is not mapped.
Element `SubstanceSourceMaterial.sourceMaterialState` has no mapping targets in FHIR R4. Typically, this is because the element has been added (is a new element).","","","","","","","","",,,,,"",,,,"DomainResource.extension",0,*,"ele-1
","ele-1:All FHIR elements must have a @value or children {hasValue() or (children().count() > id.count())}
ext-1:Must have either extensions or value[x], not both {extension.exists() != value.exists()}"
"Basic.extension:organismId","Basic.extension","organismId","","",0,1,"","","","Extension {[CanonicalType[http://hl7.org/fhir/5.0/StructureDefinition/extension-SubstanceSourceMaterial.organismId|0.1.0]]} {[]}
","R5: The unique identifier associated with the source material parent organism shall be specified (new)","R5: `SubstanceSourceMaterial.organismId` (new:Identifier)","Element `SubstanceSourceMaterial.organismId` is not mapped to FHIR R4, since FHIR R5 `SubstanceSourceMaterial` is not mapped.
Element `SubstanceSourceMaterial.organismId` has no mapping targets in FHIR R4. Typically, this is because the element has been added (is a new element).","","","","","","","","",,,,,"",,,,"DomainResource.extension",0,*,"ele-1
","ele-1:All FHIR elements must have a @value or children {hasValue() or (children().count() > id.count())}
ext-1:Must have either extensions or value[x], not both {extension.exists() != value.exists()}"
"Basic.extension:organismName","Basic.extension","organismName","","",0,1,"","","","Extension {[CanonicalType[http://hl7.org/fhir/5.0/StructureDefinition/extension-SubstanceSourceMaterial.organismName|0.1.0]]} {[]}
","R5: The organism accepted Scientific name shall be provided based on the organism taxonomy (new)","R5: `SubstanceSourceMaterial.organismName` (new:string)","Element `SubstanceSourceMaterial.organismName` is not mapped to FHIR R4, since FHIR R5 `SubstanceSourceMaterial` is not mapped.
Element `SubstanceSourceMaterial.organismName` has no mapping targets in FHIR R4. Typically, this is because the element has been added (is a new element).","","","","","","","","",,,,,"",,,,"DomainResource.extension",0,*,"ele-1
","ele-1:All FHIR elements must have a @value or children {hasValue() or (children().count() > id.count())}
ext-1:Must have either extensions or value[x], not both {extension.exists() != value.exists()}"
"Basic.extension:parentSubstanceId","Basic.extension","parentSubstanceId","","",0,*,"","","","Extension {[CanonicalType[http://hl7.org/fhir/5.0/StructureDefinition/extension-SubstanceSourceMaterial.parentSubstanceId|0.1.0]]} {[]}
","R5: The parent of the herbal drug Ginkgo biloba, Leaf is the substance ID of the substance (fresh) of Ginkgo biloba L. or Ginkgo biloba L. (Whole plant) (new)","R5: `SubstanceSourceMaterial.parentSubstanceId` (new:Identifier)","Element `SubstanceSourceMaterial.parentSubstanceId` is not mapped to FHIR R4, since FHIR R5 `SubstanceSourceMaterial` is not mapped.
Element `SubstanceSourceMaterial.parentSubstanceId` has no mapping targets in FHIR R4. Typically, this is because the element has been added (is a new element).","","","","","","","","",,,,,"",,,,"DomainResource.extension",0,*,"ele-1
","ele-1:All FHIR elements must have a @value or children {hasValue() or (children().count() > id.count())}
ext-1:Must have either extensions or value[x], not both {extension.exists() != value.exists()}"
"Basic.extension:parentSubstanceName","Basic.extension","parentSubstanceName","","",0,*,"","","","Extension {[CanonicalType[http://hl7.org/fhir/5.0/StructureDefinition/extension-SubstanceSourceMaterial.parentSubstanceName|0.1.0]]} {[]}
","R5: The parent substance of the Herbal Drug, or Herbal preparation (new)","R5: `SubstanceSourceMaterial.parentSubstanceName` (new:string)","Element `SubstanceSourceMaterial.parentSubstanceName` is not mapped to FHIR R4, since FHIR R5 `SubstanceSourceMaterial` is not mapped.
Element `SubstanceSourceMaterial.parentSubstanceName` has no mapping targets in FHIR R4. Typically, this is because the element has been added (is a new element).","","","","","","","","",,,,,"",,,,"DomainResource.extension",0,*,"ele-1
","ele-1:All FHIR elements must have a @value or children {hasValue() or (children().count() > id.count())}
ext-1:Must have either extensions or value[x], not both {extension.exists() != value.exists()}"
"Basic.extension:countryOfOrigin","Basic.extension","countryOfOrigin","","",0,*,"","","","Extension {[CanonicalType[http://hl7.org/fhir/5.0/StructureDefinition/extension-SubstanceSourceMaterial.countryOfOrigin|0.1.0]]} {[]}
","R5: The country where the plant material is harvested or the countries where the plasma is sourced from as laid down in accordance with the Plasma Master File. For “Plasma-derived substances” the attribute country of origin provides information about the countries used for the manufacturing of the Cryopoor plama or Crioprecipitate (new)","R5: `SubstanceSourceMaterial.countryOfOrigin` (new:CodeableConcept)","Element `SubstanceSourceMaterial.countryOfOrigin` is not mapped to FHIR R4, since FHIR R5 `SubstanceSourceMaterial` is not mapped.
Element `SubstanceSourceMaterial.countryOfOrigin` has no mapping targets in FHIR R4. Typically, this is because the element has been added (is a new element).","","","","","","","","",,,,,"",,,,"DomainResource.extension",0,*,"ele-1
","ele-1:All FHIR elements must have a @value or children {hasValue() or (children().count() > id.count())}
ext-1:Must have either extensions or value[x], not both {extension.exists() != value.exists()}"
"Basic.extension:geographicalLocation","Basic.extension","geographicalLocation","","",0,*,"","","","Extension {[CanonicalType[http://hl7.org/fhir/5.0/StructureDefinition/extension-SubstanceSourceMaterial.geographicalLocation|0.1.0]]} {[]}
","R5: The place/region where the plant is harvested or the places/regions where the animal source material has its habitat (new)","R5: `SubstanceSourceMaterial.geographicalLocation` (new:string)","Element `SubstanceSourceMaterial.geographicalLocation` is not mapped to FHIR R4, since FHIR R5 `SubstanceSourceMaterial` is not mapped.
Element `SubstanceSourceMaterial.geographicalLocation` has no mapping targets in FHIR R4. Typically, this is because the element has been added (is a new element).","","","","","","","","",,,,,"",,,,"DomainResource.extension",0,*,"ele-1
","ele-1:All FHIR elements must have a @value or children {hasValue() or (children().count() > id.count())}
ext-1:Must have either extensions or value[x], not both {extension.exists() != value.exists()}"
"Basic.extension:developmentStage","Basic.extension","developmentStage","","",0,1,"","","","Extension {[CanonicalType[http://hl7.org/fhir/5.0/StructureDefinition/extension-SubstanceSourceMaterial.developmentStage|0.1.0]]} {[]}
","R5: Stage of life for animals, plants, insects and microorganisms. This information shall be provided only when the substance is significantly different in these stages (e.g. foetal bovine serum) (new)","R5: `SubstanceSourceMaterial.developmentStage` (new:CodeableConcept)","Element `SubstanceSourceMaterial.developmentStage` is not mapped to FHIR R4, since FHIR R5 `SubstanceSourceMaterial` is not mapped.
Element `SubstanceSourceMaterial.developmentStage` has no mapping targets in FHIR R4. Typically, this is because the element has been added (is a new element).","","","","","","","","",,,,,"",,,,"DomainResource.extension",0,*,"ele-1
","ele-1:All FHIR elements must have a @value or children {hasValue() or (children().count() > id.count())}
ext-1:Must have either extensions or value[x], not both {extension.exists() != value.exists()}"
"Basic.extension:fractionDescription","Basic.extension","fractionDescription","","",0,*,"","","","Extension {[CanonicalType[http://hl7.org/fhir/5.0/StructureDefinition/extension-SubstanceSourceMaterial.fractionDescription|0.1.0]]} {[]}
","R5: Many complex materials are fractions of parts of plants, animals, or minerals. Fraction elements are often necessary to define both Substances and Specified Group 1 Substances. For substances derived from Plants, fraction information will be captured at the Substance information level ( . Oils, Juices and Exudates). Additional information for Extracts, such as extraction solvent composition, will be captured at the Specified Substance Group 1 information level. For plasma-derived products fraction information will be captured at the Substance and the Specified Substance Group 1 levels (new)","R5: `SubstanceSourceMaterial.fractionDescription` (new:BackboneElement)","Element `SubstanceSourceMaterial.fractionDescription` is not mapped to FHIR R4, since FHIR R5 `SubstanceSourceMaterial` is not mapped.
Element `SubstanceSourceMaterial.fractionDescription` has no mapping targets in FHIR R4. Typically, this is because the element has been added (is a new element).","","","","","","","","",,,,,"",,,,"DomainResource.extension",0,*,"ele-1
","ele-1:All FHIR elements must have a @value or children {hasValue() or (children().count() > id.count())}
ext-1:Must have either extensions or value[x], not both {extension.exists() != value.exists()}"
"Basic.extension:organism","Basic.extension","organism","","",0,1,"","","","Extension {[CanonicalType[http://hl7.org/fhir/5.0/StructureDefinition/extension-SubstanceSourceMaterial.organism|0.1.0]]} {[]}
","R5: This subclause describes the organism which the substance is derived from. For vaccines, the parent organism shall be specified based on these subclause elements. As an example, full taxonomy will be described for the Substance Name: ., Leaf (new)","R5: `SubstanceSourceMaterial.organism` (new:BackboneElement)","Element `SubstanceSourceMaterial.organism` is not mapped to FHIR R4, since FHIR R5 `SubstanceSourceMaterial` is not mapped.
Element `SubstanceSourceMaterial.organism` has no mapping targets in FHIR R4. Typically, this is because the element has been added (is a new element).","","","","","","","","",,,,,"",,,,"DomainResource.extension",0,*,"ele-1
","ele-1:All FHIR elements must have a @value or children {hasValue() or (children().count() > id.count())}
ext-1:Must have either extensions or value[x], not both {extension.exists() != value.exists()}"
"Basic.extension:partDescription","Basic.extension","partDescription","","",0,*,"","","","Extension {[CanonicalType[http://hl7.org/fhir/5.0/StructureDefinition/extension-SubstanceSourceMaterial.partDescription|0.1.0]]} {[]}
","R5: To do (new)","R5: `SubstanceSourceMaterial.partDescription` (new:BackboneElement)","Element `SubstanceSourceMaterial.partDescription` is not mapped to FHIR R4, since FHIR R5 `SubstanceSourceMaterial` is not mapped.
Element `SubstanceSourceMaterial.partDescription` has no mapping targets in FHIR R4. Typically, this is because the element has been added (is a new element).","","","","","","","","",,,,,"",,,,"DomainResource.extension",0,*,"ele-1
","ele-1:All FHIR elements must have a @value or children {hasValue() or (children().count() > id.count())}
ext-1:Must have either extensions or value[x], not both {extension.exists() != value.exists()}"
"Basic.modifierExtension","Basic.modifierExtension","","extensions
user content","",0,*,"","Y","","Extension {[]} {[]}
","Extensions that cannot be ignored","May be used to represent additional information that is not part of the basic definition of the resource and that modifies the understanding of the element that contains it and/or the understanding of the containing element's descendants. Usually modifier elements provide negation or qualification. To make the use of extensions safe and manageable, there is a strict set of governance applied to the definition and use of extensions. Though any implementer is allowed to define an extension, there is a set of requirements that SHALL be met as part of the definition of the extension. Applications processing a resource are required to check for modifier extensions.

Modifier extensions SHALL NOT change the meaning of any elements on Resource or DomainResource (including cannot change the meaning of modifierExtension itself).","There can be no stigma associated with the use of extensions by any application, project, or standard - regardless of the institution or jurisdiction that uses or defines the extensions.  The use of extensions is what allows the FHIR specification to retain a core level of simplicity for everyone.","Modifier extensions allow for extensions that *cannot* be safely ignored to be clearly distinguished from the vast majority of extensions which can be safely ignored.  This promotes interoperability by eliminating the need for implementers to prohibit the presence of extensions. For further information, see the [definition of modifier extensions](http://hl7.org/fhir/R4/extensibility.html#modifierExtension).","","","","","","","",,,,,"",,,,"DomainResource.modifierExtension",0,*,"","ele-1:All FHIR elements must have a @value or children {hasValue() or (children().count() > id.count())}
ext-1:Must have either extensions or value[x], not both {extension.exists() != value.exists()}","N/A"
"Basic.identifier","Basic.identifier","","","",0,*,"","","Y","Identifier {[]} {[]}
","Business identifier","Identifier assigned to the resource for business purposes, outside the context of FHIR.","","","","","","","","","",,,,,"",,,,"Basic.identifier",0,*,"","ele-1:All FHIR elements must have a @value or children {hasValue() or (children().count() > id.count())}
","./identifier","FiveWs.identifier"
"Basic.code","Basic.code","","","",1,1,"","Y","Y","CodeableConcept {[]} {[]}
","Kind of Resource","Identifies the 'type' of resource - equivalent to the resource name for other resources.","Because resource references will only be able to indicate 'Basic', the type of reference will need to be specified in a Profile identified as part of the resource.  Refer to the resource notes section for information on appropriate terminologies for this code.

This element is labeled as a modifier because it defines the meaning of the resource and cannot be ignored.","Must be able to distinguish different types of Basic resources.","","","","","","","",,"example","Codes for identifying types of resources not yet defined by FHIR.","http://hl7.org/fhir/ValueSet/basic-resource-type|4.0.1","",,,,"Basic.code",1,1,"","ele-1:All FHIR elements must have a @value or children {hasValue() or (children().count() > id.count())}
","./code","FiveWs.what[x]"
"Basic.subject","Basic.subject","","","",0,1,"","","Y","Reference {[]} {[CanonicalType[http://hl7.org/fhir/StructureDefinition/Resource|4.0.1]]}
","Identifies the focus of this resource","Identifies the patient, practitioner, device or any other resource that is the ""focus"" of this resource.","Optional as not all potential resources will have subjects.  Resources associated with multiple subjects can handle this via extension.","Needed for partitioning the resource by Patient.","","","","","","","",,,,,"",,,,"Basic.subject",0,1,"","ele-1:All FHIR elements must have a @value or children {hasValue() or (children().count() > id.count())}
","./participation[typeCode='SBJ'] (possibly through a ControlAct and Role)","FiveWs.subject[x]","FiveWs.subject"
"Basic.created","Basic.created","","","",0,1,"","","Y","date {[]} {[]}
","When created","Identifies when the resource was first created.","","Allows ordering resource instances by time.","","","","","","","",,,,,"",,,,"Basic.created",0,1,"","ele-1:All FHIR elements must have a @value or children {hasValue() or (children().count() > id.count())}
","./participation[typeCode='AUT']/time (possibly through a ControlAct and Role)","FiveWs.recorded"
"Basic.author","Basic.author","","","",0,1,"","","Y","Reference {[]} {[CanonicalType[http://hl7.org/fhir/StructureDefinition/Practitioner|4.0.1], CanonicalType[http://hl7.org/fhir/StructureDefinition/PractitionerRole|4.0.1], CanonicalType[http://hl7.org/fhir/StructureDefinition/Patient|4.0.1], CanonicalType[http://hl7.org/fhir/StructureDefinition/RelatedPerson|4.0.1], CanonicalType[http://hl7.org/fhir/StructureDefinition/Organization|4.0.1]]}
","Who created","Indicates who was responsible for creating the resource instance.","","Needed for partitioning the resource.","","","","","","","",,,,,"",,,,"Basic.author",0,1,"","ele-1:All FHIR elements must have a @value or children {hasValue() or (children().count() > id.count())}
","./participation[typeCode='SUB'] (possibly through a ControlAct and Role)","FiveWs.author"
